Tracking.ID,A#N/Alytical.Sample.ID,DATETIME,Protein.AF,FAME.Lipids.AF,Carbohydrates.AF,ExperimentID,SiteID,StrainID,SourceID,BatchID,Duration.days,PondID,SiteID2,ExperimentID3,PondID4,DateTime5,StrainID6,SourceID7,BatchID8,TreatmentID,time.between.harvests.days,Harvest.,Harvest.Vol..L.,AFDW..g.L.,AFDW..g.,crash,Comments,Duration.days9,Depth.cm,Evaporation.Rate.cm.day,pH,Salinity,Temp.C,NO3.mg.L,NO3.PCT.RSD,NH4.mg.L,NH4.PCT.RSD,P.mg.L,P.PCT.RSD,N.P.ratio,Analytical.Sample.ID,Tracking.ID10,DW.g.L,DW.RSD,AFDW.g.L,AFDW.RSD,Ash,OD750,OD750.PCT.RSD,OD680,OD680.PCT.RSD,NO3.supplied.g,NO3.utilized.g,NO3.efficiency..,NO3.demand.g.N.g.AFDW,NH4.supplied.g,NH4.utilized.g,NH4.efficiency..,NH4.demand.g.N.g.AFDW,P.supplied.g,P.utilized.g,P.efficiency..,P.demand.g.P.g.AFDW,mg.AFDW_mol.PAR.input,mg.AFDW_kW.GLE.input,Dates,RH(%),GlobalLightEnergy(W.m2),WindSpeed(km.hr),WDir(deg),Precip.tot(cm)
86,P5_8Nov2013,41586.40278,40.65,15.46,7.64,OCT172013,CP,KA32,KA32_4Oct2013_Panels,KA32_4Oct2013,21.67,P5,CP,OCT172013,P5,10/31/2013 8:15,KA32,KA32_4Oct2013_Panels,KA32_4Oct2013,NA,NA,NA,NA,NA,NA,NA,NA,13.61,24.77,0.34,8.9,32,8.9,NA,NA,NA,NA,NA,NA,NA,P5_31Oct13,80,NA,NA,NA,NA,NA,1.07,0.16,NA,NA,NA,NA,NA,NA,NA,NA,NA,NA,NA,NA,NA,NA,NA,NA,10/31/2013,43.08,176.79,2.5,115.38,0
99,P6_25Nov2013,41603.40625,39.44,20.72,9.18,OCT172013,CP,KA32,KA32_9Oct2013_Pond3,KA32_9Oct2013,38.68,P6,CP,OCT172013,P5,11/8/2013 9:40,KA32,KA32_4Oct2013_Panels,KA32_4Oct2013,replete,21.67361111,1,1025,0.4332,444.03,,,21.67,24.5,NA,8.43,28.4,8.9,12.8,1.35,NA,NA,NA,NA,NA,P5_8Nov2013,86,0.73,1.84,0.43,2.22,41.05,1.85,0.66,NA,NA,0,0,0,0.038,0,0,0,NA,0,0,0,NA,NA,NA,11/8/2013,40.54,166.17,1.43,130.75,0
103,P5_29Nov2013,41607.35069,33.42,26.44,11.28,OCT172013,CP,KA32,KA32_9Oct2013_Pond3,KA32_9Oct2013,42.62,P5,CP,OCT172013,P5,11/22/2013 8:55,KA32,KA32_9Oct2013_Pond3,KA32_9Oct2013,NA,NA,NA,NA,NA,NA,NA,NA,35.64,NA,NA,NA,NA,NA,4.15,4.62,NA,NA,NA,NA,NA,P5_22Nov2013,92,NA,NA,NA,NA,NA,1.38,0,NA,NA,NA,NA,NA,NA,NA,NA,NA,NA,NA,NA,NA,NA,NA,NA,11/22/2013,48.62,99.08,2.19,66.54,0
109,P5_2Dec2013,41610.35764,31.28,27.63,10.72,OCT172013,CP,KA32,KA32_9Oct2013_Pond3,KA32_9Oct2013,45.63,P5,CP,OCT172013,P5,11/25/2013 9:45,KA32,KA32_9Oct2013_Pond3,KA32_9Oct2013,NA,NA,NA,NA,NA,NA,NA,NA,38.68,24,0.35,7.89,33.9,9.4,0.84,9.81,NA,NA,NA,NA,NA,P5_25Nov2013,98,0.33,1,0.31,0.93,7.48,1.58,0.15,NA,NA,NA,NA,NA,NA,NA,NA,NA,NA,NA,NA,NA,NA,NA,NA,11/25/2013,39.21,145.08,2.72,69.04,0
80,P5_31Oct13,41578.34375,48.96,16.42,8.32,OCT172013,CP,KA32,KA32_4Oct2013_Panels,KA32_4Oct2013,13.61,P5,CP,OCT172013,P5,11/29/2013 8:25,KA32,KA32_9Oct2013_Pond3,KA32_9Oct2013,NA,NA,NA,NA,NA,NA,NA,NA,42.62,24.5,0.21,8.01,33.8,10.3,NA,NA,NA,NA,NA,NA,NA,P5_29Nov2013,103,0.69,59.18,0.43,13.58,27.67,1.74,0.35,NA,NA,NA,NA,NA,NA,NA,NA,NA,NA,NA,NA,NA,NA,NA,NA,11/29/2013,52.46,84.83,1.25,107.38,0
115,P5_5Dec2013,41613.39583,31.82,31.41,11.45,OCT172013,CP,KA32,KA32_9Oct2013_Pond3,KA32_9Oct2013,48.67,P5,CP,OCT172013,P5,12/2/2013 8:35,KA32,KA32_9Oct2013_Pond3,KA32_9Oct2013,NA,NA,NA,NA,NA,NA,NA,NA,45.63,23.7,0.27,8.3,34.4,9.6,1.76,4.85,NA,NA,NA,NA,NA,P5_2Dec2013,109,0.4,1.31,0.38,0.47,4.2,1.81,0,NA,NA,NA,NA,NA,0.049,NA,NA,NA,NA,NA,NA,NA,NA,NA,NA,12/2/2013,46.67,137.08,2.32,165.67,0
93,P6_22Nov2013,41600.37153,45.59,15.96,9.75,OCT172013,CP,KA32,KA32_9Oct2013_Pond3,KA32_9Oct2013,35.64,P6,CP,OCT172013,P5,12/5/2013 9:30,KA32,KA32_9Oct2013_Pond3,KA32_9Oct2013,NA,NA,NA,NA,NA,NA,NA,NA,48.67,24.8,NA,8.05,32.4,2.8,NA,NA,NA,NA,NA,NA,NA,P5_5Dec2013,115,NA,NA,NA,NA,NA,1.93,0.32,NA,NA,NA,NA,NA,NA,NA,NA,NA,NA,NA,NA,NA,NA,NA,NA,12/5/2013,22.12,141.25,2.33,48.21,0
1363,CP_P5_04172015,42111.33333,47.12,4.96,16.01,MAR122015,CP,LRB-AZ-1201,,LRB1201_1282015_Pond5,43.94,P5,CP,APR032014,P5,4/11/2014 7:30,KA32,KA32_03122014,KA32-04042014_Pond,NA,NA,NA,NA,NA,NA,NA,NA,6.77,25.1,NA,8.25,34.5,11.7,0.57,12.15,NA,NA,7.6,0.03,0.17,CP_P5_041114,265,0.19,0.99,0.18,0.18,4.18,0.79,1.02,NA,NA,NA,NA,NA,0.007,NA,NA,NA,NA,NA,NA,NA,0.018,NA,NA,4/11/2014,80.25,267.83,1.37,285.12,0
277,CP_P5_042314,41752.3125,42.72,14.79,7.99,APR032014,CP,KA32,KA32_03122014,KA32-04042014_Pond,18.77,P5,CP,APR032014,P5,4/18/2014 6:59,KA32,KA32_03122014,KA32-04042014_Pond,NA,NA,NA,NA,NA,NA,NA,NA,13.75,24.9,NA,8.02,34.2,13.4,7.76,22.62,NA,NA,2.89,0.07,5.96,CP_P5_041814,271,0.43,5.6,0.39,2.94,8.36,2.22,0.41,NA,NA,NA,NA,NA,NA,NA,NA,NA,NA,NA,NA,NA,0.027,NA,NA,4/18/2014,80.96,297.83,1.51,294.21,0
1369,CP_P5_04242015,42118.32222,50.61,6.23,11.42,MAR122015,CP,LRB-AZ-1201,,LRB1201_1282015_Pond5,50.93,P5,CP,APR032014,P5,4/23/2014 7:30,KA32,KA32_03122014,KA32-04042014_Pond,"3x, 0.11",18.77083333,1,512.5,0.571666667,292.9791667,,,18.77,24.8,NA,8.02,33.6,7.9,3.23,14.65,NA,NA,0.7,0.22,10.27,CP_P5_042314,277,0.61,6.74,0.57,7.7,6.04,3.11,0.47,NA,NA,0,0,0,0.008,0,0,0,NA,0,0,0,0.012,NA,NA,4/23/2014,80.96,297.83,1.51,294.21,0
289,CP_P5_050714,41766.30347,36.77,20.57,11.64,APR032014,CP,KA32,KA32_03122014,KA32-04042014_Pond,32.76,P5,CP,APR032014,P5,4/30/2014 7:30,KA32,KA32_03122014,KA32-04042014_Pond,"3x, 0.11",1.979166667,4,256.25,0.310285714,79.51071429,,,25.77,24.75,0.26,8.03,39.7,12.8,13.21,60.76,NA,NA,1.21,0.15,24.24,CP_P5_043014,283,0.33,1.04,0.31,0.66,5.62,1.72,0.81,NA,NA,0,0,0,NA,0,0,0,NA,0,0,0,0.006,NA,NA,4/30/2014,80.96,297.83,1.51,294.21,0
295,CP_P5_051414,41773.31944,44.6,17.82,9.1,APR032014,CP,KA32,KA32_03122014,KA32-04042014_Pond,39.78,P5,CP,APR032014,P5,5/7/2014 7:17,KA32,KA32_03122014,KA32-04042014_Pond,"3x, 0.11",1.970138889,7,256.25,0.332940476,85.31599702,,"Ran out of pre-prepared salt water, added tap water + solid salt.",32.76,23.8,0.46,7.88,37,11,4.17,21.57,NA,NA,0.07,0.5,127.65,CP_P5_050714,289,0.36,2.01,0.33,0.7,7.38,1.61,0.14,NA,NA,0,0,0,NA,0,0,0,NA,0,0,0,0.006,NA,NA,5/7/2014,80.96,297.83,1.51,294.21,0
301,CP_P5_052114,41780.3125,,,,APR032014,CP,KA32,KA32_03122014,KA32-04042014_Pond,46.77,P5,CP,APR032014,P5,5/14/2014 7:40,KA32,KA32_03122014,KA32-04042014_Pond,"3x, 0.11",2.006944444,10,256.25,0.344990741,88.40387731,,,39.78,24,0.5,7.75,35.4,13.7,23.2,8.67,NA,NA,1.8,0.01,28.49,CP_P5_051414,295,0.37,6.39,0.34,7.31,6.12,1.7,0.74,NA,NA,0,0,0,0.039,0,0,0,NA,0,0,0,0.025,NA,NA,5/14/2014,80.96,297.83,1.51,294.21,0
1535,CP_P5_052215,42146.32639,,,,MAY052015,CP,KA32,KA32_05062015_pooledNO3,KA32_05062015_PondNO3,15.89,P5,CP,APR032014,P5,5/21/2014 7:30,KA32,KA32_03122014,KA32-04042014_Pond,"3x, 0.11",1.989583333,13,256.25,0.283711111,72.70097222,,,46.77,24.3,0.2,7.97,35.2,13.3,21.59,12.14,NA,NA,3.02,0.03,15.84,CP_P5_052114,301,0.3,0.83,0.28,0.82,5.43,1.27,0.48,NA,NA,0,0,0,0.683,0,0,0,NA,0,0,0,0.04,NA,NA,5/21/2014,80.96,297.83,1.51,294.21,0
698,CP_Pond5_070914,41829.3125,40.5,12.93,9.49,JUN112014,CP,KA32,KA32_06132014,KA32_06132014_Pond,25.7,P5,CP,JUN112014,P5,6/25/2014 7:30,KA32,KA32_06132014,KA32_06132014_Pond,"3x, 0.15",11.69791667,1,358.75,0.446666667,160.2416667,,Precipitate observed in trace metal solution,11.7,24,0.52,8.04,33.4,14,16.19,21.02,NA,NA,0.96,0.29,37.35,CP_Pond5_062514,686,0.48,1.59,0.45,2.59,7.27,2.28,0.77,NA,NA,0,0,0,0.103,0,0,0,NA,0,0,0,0.015,NA,NA,6/25/2014,75.62,347,1.44,274.46,0
704,CP_Pond5_071614,41836.31944,40.58,12.69,9.33,JUN112014,CP,KA32,KA32_06132014,KA32_06132014_Pond,32.7,P5,CP,JUN112014,P5,7/2/2014 7:34,KA32,KA32_06132014,KA32_06132014_Pond,"3x, 0.15",1.996527778,4,358.75,0.305555556,109.6180556,,,18.7,25,NA,7.71,37,15.1,23.25,7.44,NA,NA,2.48,0.05,20.76,CP_Pond5_070214,692,0.34,0.99,0.31,0.63,9.23,1.93,5.49,NA,NA,0,0,0,0.089,0,0,0,NA,0,0,0,0.015,NA,NA,7/2/2014,76.62,313.62,1.4,281.04,0
710,CP_Pond5_072314,41843.31944,34.78,11.14,13.01,JUN112014,CP,KA32,KA32_06132014,KA32_06132014_Pond,39.7,P5,CP,JUN112014,P5,7/9/2014 7:30,KA32,KA32_06132014,KA32_06132014_Pond,"3x, 0.15",1.986111111,7,358.75,0.313238095,112.3741667,,,25.7,24.5,NA,7.85,37.5,15,19.01,8.71,NA,NA,2.67,0.04,15.76,CP_Pond5_070914,698,0.34,8.26,0.31,9.73,8.43,1.58,1.28,NA,NA,0,0,0,0.267,0,0,0,NA,0,0,0,0.009,246.2006079,NA,7/9/2014,71.62,327.38,1.32,248.12,0
716,CP_Pond5_080114,41852.33333,44.44,3.8,11.49,JUL252014,CP,LRB-AZ-1201,LRB1201_07252014,LRB1201_07252014_Pond,6.79,P5,CP,JUN112014,P5,7/16/2014 7:40,KA32,KA32_06132014,KA32_06132014_Pond,"3x, 0.15",2,10,768.75,0.256444444,197.1416667,,Changed Pond 5 dilution rate,32.7,24.5,0.1,7.77,35,18.8,37.59,6.84,NA,NA,3.45,0.02,24.1,CP_Pond5_071614,704,0.29,22.16,0.26,21.99,12.25,1.45,0.83,NA,NA,0,0,0,0.163,0,0,0,NA,0,0,0,0.016,NA,NA,7/16/2014,73.38,136.42,1.11,245.21,0
722,CP_Pond5_080614,41857.32639,43.95,5.15,15.49,JUL252014,CP,LRB-AZ-1201,LRB1201_07252014,LRB1201_07252014_Pond,11.78,P5,CP,JUN112014,P5,7/23/2014 7:40,KA32,KA32_06132014,KA32_06132014_Pond,"3x, 0.15",1.965277778,13,1025,0.158809524,162.7797619,,Entire pond contents harvested in preparation for the next cultivation trial.,39.7,24.8,NA,9.5,35.1,15.8,50,12.89,NA,NA,1.12,0.04,99.15,CP_Pond5_072314,710,0.2,0.7,0.16,0.68,18.86,0.68,0.59,NA,NA,203.719,163.004,80,0.132,0,0,NA,NA,39.515,31.118,78.7,0.068,NA,NA,7/23/2014,67.88,326.71,1.55,213.46,0
728,CP_Pond5_082014,41871.70833,45.18,3.45,9.3,JUL252014,CP,LRB-AZ-1201,LRB1201_08182014,LRB1201_08202014_Pond,26.17,P5,CP,JUL252014,P5,8/1/2014 8:00,LRB-AZ-1201,LRB1201_07252014,LRB1201_07252014_Pond,NA,NA,NA,NA,NA,NA,NA,NA,6.79,24.6,NA,7.97,0.8,17,41.27,10.64,NA,NA,6.28,0.01,14.56,CP_Pond5_080114,716,0.19,4.7,0.18,4.18,5.41,0.21,1.26,NA,NA,NA,NA,NA,NA,NA,NA,NA,NA,NA,NA,NA,NA,NA,NA,8/1/2014,75.21,302.96,4.56,265.25,0
734,CP_Pond5_082714,41878.34653,37.68,2.21,9.12,JUL252014,CP,LRB-AZ-1201,LRB1201_08182014,LRB1201_08202014_Pond,32.81,P5,CP,JUL252014,P5,8/6/2014 7:50,LRB-AZ-1201,LRB1201_07252014,LRB1201_07252014_Pond,NA,NA,NA,NA,NA,NA,NA,NA,11.78,24.5,0.1,7.87,0.9,16.5,33.57,0.58,NA,NA,3.93,0,18.93,CP_Pond5_080614,722,0.3,1.29,0.28,1.03,5.33,0.19,4.65,NA,NA,NA,NA,NA,0.144,NA,NA,NA,NA,NA,NA,NA,0.033,125.9802682,NA,8/6/2014,76.33,237.46,4.83,217.29,0
1282,CP_Pond5_122914,42002.37778,37.66,22.18,8.86,DEC162014,CP,KA32,KA32_12192014_Pooled,KA32_12192014_Pond,9.75,P5,CP,JUL252014,P5,8/20/2014 17:00,LRB-AZ-1201,LRB1201_08182014,LRB1201_08202014_Pond,NA,NA,NA,NA,NA,NA,NA,NA,26.17,NA,NA,NA,NA,NA,NA,NA,NA,NA,NA,NA,NA,CP_Pond5_082014,728,0.05,2.6,0.05,1.3,-0.07,0.27,5.45,NA,NA,NA,NA,NA,NA,NA,NA,NA,NA,NA,NA,NA,NA,NA,NA,8/20/2014,67.92,233.62,4.3,224.08,0
1289,CP_Pond6_0109215,42013.29444,44.33,14.57,8.77,DEC162014,CP,KA32,KA32_12192014_Pooled,KA32_12192014_Pond,20.67,P6,CP,JUL252014,P5,8/27/2014 8:19,LRB-AZ-1201,LRB1201_08182014,LRB1201_08202014_Pond,NA,NA,NA,NA,NA,NA,NA,NA,32.81,24.7,0.1,7.97,1,15.1,74.7,8.81,NA,NA,5.52,0.02,9.36,CP_Pond5_082714,734,0.14,7.23,0.14,7.09,4.17,0.26,4.53,NA,NA,NA,NA,NA,NA,NA,NA,NA,NA,NA,NA,NA,NA,NA,NA,8/27/2014,66.79,292.58,3.78,192.29,0
866,CP_P5_092914,41911.3125,39.4,9.87,8.75,SEP102014,CP,KA32,KA32_09052072,KA32_09162014_Pond,12.83,P5,CP,SEP102014,P5,9/24/2014 7:30,KA32,KA32_09052054,KA32_09162014_Pond,NA,NA,NA,NA,NA,NA,NA,NA,7.83,24.8,0.2,8.17,38.9,17.2,41.72,16.63,NA,NA,2.27,0.06,40.76,CP_P5_092414,860,0.24,0.34,0.22,0.45,7.12,1.07,0.28,NA,NA,NA,NA,NA,0.248,NA,NA,NA,NA,NA,NA,NA,0.004,NA,NA,9/24/2014,84.42,156.96,1.22,196.62,0
872,CP_P5_101014,41922.30903,41.03,11.65,9.8,SEP102014,CP,KA32,KA32_09052150,KA32_09162014_Pond,23.83,P5,CP,SEP102014,P5,9/29/2014 7:30,KA32,KA32_09052072,KA32_09162014_Pond,NA,12.83333333,NA,NA,NA,NA,NA,NA,12.83,23.7,0.37,8.42,39.5,14.6,31.44,3.98,NA,NA,0.66,0.3,104.94,CP_P5_092914,866,0.39,0.74,0.36,0,8.08,1.98,0.42,NA,NA,0,0,0,0.128,NA,NA,NA,NA,0,0,0,0.012,NA,NA,9/29/2014,71.6,279.8,1.68,211.5,0
876,CP_P5_101514,41927.3125,,,,SEP102014,CP,KA32,KA32_09052178,KA32_09162014_Pond,28.83,P5,CP,SEP102014,P5,10/10/2014 7:25,KA32,KA32_09052150,KA32_09162014_Pond,NA,1.822916667,NA,NA,NA,NA,NA,NA,23.83,24.9,NA,7.63,36.3,15.3,64.09,2.14,NA,NA,4.84,0,29.3,CP_P5_101014,872,0.13,1.7,0.12,1.85,6.87,0.27,0.87,NA,NA,0,0,0,NA,NA,NA,NA,NA,0,0,0,0.03,NA,NA,10/10/2014,85.64,219.59,1.24,225.73,0
882,CP_P5_102214,41934.30208,46.35,10.7,8.49,SEP102014,CP,KA32,KA32_09052216,KA32_09162014_Pond,35.82,P5,CP,SEP102014,P5,10/15/2014 7:30,KA32,KA32_09052178,KA32_09162014_Pond,NA,1.961805556,NA,NA,NA,NA,NA,NA,28.83,24.9,0.1,7.85,33.8,17.2,65.95,7.21,NA,NA,7.41,0.01,19.72,CP_P5_101514,876,0.13,6.29,0.12,5.66,7.29,0.76,1.2,NA,NA,0,0,0,0.341,NA,NA,NA,NA,0,0,0,0.029,NA,NA,10/15/2014,75.34,149.38,1.09,197.48,0
1089,CP_P5_110514,41948.31528,46.78,6.21,9.37,OCT222014,CP,LRB-AZ-1201,LRB_10292014,LRB_10292014_Pond,7.65,P5,CP,SEP102014,P5,10/22/2014 7:15,KA32,KA32_09052216,KA32_09162014_Pond,NA,4.989583333,NA,NA,NA,NA,NA,NA,35.82,NA,NA,7.96,39.5,12.3,NA,NA,NA,NA,5.44,0.01,NA,CP_P5_102214,882,0.17,1.03,0.16,0.8,7.89,0.95,0.37,NA,NA,0,0,0,NA,NA,NA,NA,NA,0,0,0,NA,NA,NA,10/22/2014,32.32,241.05,2.62,157.74,0
1090,CP_P5_111214,41955.3125,44.87,6.31,13.39,OCT222014,CP,LRB-AZ-1201,LRB_10292014,LRB_10292014_Pond,14.65,P5,CP,OCT222014,P5,11/5/2014 7:34,LRB-AZ-1201,LRB_10292014,LRB_10292014_Pond,NA,NA,NA,NA,NA,NA,NA,NA,7.65,27,NA,8.29,0.8,11.5,NA,NA,NA,NA,NA,NA,NA,CP_P5_110514,1089,0.19,0.55,0.18,0.6,8.52,0.94,0.25,NA,NA,NA,NA,NA,NA,NA,NA,NA,NA,NA,NA,NA,NA,NA,NA,11/5/2014,40.21,173.12,2.61,95.21,0
1091,CP_P5_120516,41978.3125,42.19,2.75,9.48,OCT222014,CP,LRB-AZ-1201,LRB_11212014,LRB_11212014_Pond,37.65,P5,CP,OCT222014,P5,11/12/2014 7:30,LRB-AZ-1201,LRB_10292014,LRB_10292014_Pond,"1x, 0.11",14.64583333,1,768.75,0.296,227.55,,"First Harvest of ponds. From this date on, an Ion Selective Electrode (ISE) was used to measure nitrate concentration. We suspect these measurements are not accurate.",14.65,24.9,0.1,8.26,0.8,13.8,72.85,1.14,NA,NA,1.04,0.02,155.61,CP_P5_111214,1090,0.31,2.66,0.3,2.34,5.53,1.97,0.4,NA,NA,0,0,0,NA,0,0,0,NA,0,0,0,0.017,NA,NA,11/12/2014,73.75,143.08,1.05,198.17,0
1357,CP_P5_4102015,42104.32639,46.64,5.44,12.42,MAR122015,CP,LRB-AZ-1201,,LRB1201_1282015_Pond5,36.93,P5,CP,OCT222014,P5,12/5/2014 7:30,LRB-AZ-1201,LRB_11212014,LRB_11212014_Pond,"1x, 0.11",37.64583333,1,1127.5,0.063333333,71.40833333,,,37.65,27.5,NA,7.91,0.8,15.5,NA,NA,NA,NA,2.69,0.01,NA,CP_P5_120516,1091,0.07,0,0.06,1.82,12.04,0.22,0.91,NA,NA,0,0,0,NA,0,0,NA,NA,0,0,0,NA,NA,NA,12/5/2014,90.75,38.92,0.76,142.12,0.2
1207,CP_Pond6_012315_Rep1,42027.29097,43.15,15.48,7.08,DEC162014,CP,KA32,KA32_12192014_Pooled,KA32_12192014_Pond,34.67,P6,CP,DEC162014,P5,12/29/2014 9:04,KA32,KA32_12192014_Pooled,KA32_12192014_Pond,NA,NA,NA,NA,NA,NA,NA,NA,9.75,25,NA,8.04,38.8,5,62.83,0.63,NA,NA,6.93,0.02,20.07,CP_Pond5_122914,1282,0.14,3.34,0.12,2.31,12.31,0.55,0.21,NA,NA,NA,NA,NA,2.138,NA,NA,NA,NA,NA,NA,NA,0.155,NA,NA,12/29/2014,55.38,138.79,6.9,111.83,0
686,CP_Pond5_062514,41815.3125,46.54,8.48,9.8,JUN112014,CP,KA32,KA32_06132014,KA32_06132014_Pond,11.7,P5,CP,DEC162014,P5,1/9/2015 7:04,KA32,KA32_12192014_Pooled,KA32_12192014_Pond,NA,NA,NA,NA,NA,NA,NA,NA,20.67,24.9,0.1,8.27,23.9,10.7,39.11,2.09,NA,NA,4.18,0.05,20.73,CP_Pond5_0109215,1288,0.15,3.36,0.13,2.37,12.84,0.62,0.48,NA,NA,NA,NA,NA,0.096,NA,NA,NA,NA,NA,NA,NA,0.052,235.2572146,NA,1/9/2015,73.83,107.96,3.15,160.38,0
692,CP_Pond5_070214,41822.31528,41.72,12.94,10.14,JUN112014,CP,KA32,KA32_06132014,KA32_06132014_Pond,18.7,P5,CP,DEC162014,P5,1/23/2015 6:59,KA32,KA32_12192014_Pooled,KA32_12192014_Pond,NA,NA,NA,NA,NA,NA,NA,NA,34.67,24.9,NA,8.67,NA,6.2,NA,NA,NA,NA,9.95,0.04,NA,CP_Pond5_012315_Rep1,1206,NA,NA,NA,NA,NA,1.05,0.38,NA,NA,NA,NA,NA,NA,NA,NA,NA,NA,NA,NA,NA,NA,NA,NA,1/23/2015,44,158.58,8.14,94.25,0
1294,CP_P5_020415,42039.32222,50.42,7.04,10.29,JAN292015,CP,LRB-AZ-1201,LRB1201_01282015_Pooled,LRB1201_01282015_Pond,6.88,P5,CP,JAN292015,P5,2/4/2015 7:44,LRB-AZ-1201,LRB1201_01282015_Pooled,LRB1201_01282015_Pond,NA,NA,NA,NA,NA,NA,NA,NA,6.88,24.9,0.29,7.99,0.9,9.9,39.9,2,NA,NA,1.55,0.03,56.88,CP_P5_020415,1294,0.21,0.3,0.19,0.79,13.11,0.89,0.22,NA,NA,NA,NA,NA,0.176,NA,NA,NA,NA,NA,NA,NA,0.012,NA,0.916797256,2/4/2015,85.71,165.33,3.54,180.96,0
1300,CP_P5_021815,42053.32639,47.43,4.79,10.91,JAN292015,CP,LRB-AZ-1201,LRB1201_01282015_Pooled,LRB1201_01282015_Pond,20.88,P5,CP,JAN292015,P5,2/18/2015 7:50,LRB-AZ-1201,LRB1201_01282015_Pooled,LRB1201_01282015_Pond,"3x, 0.214",2,4,481.75,0.11852381,57.09884524,,"Added 430 mL of N:P stock solution (had to dilute N:P solution to get it to redisolve in water, added enough to have the same concentration added), 250 mL of magnesium sulfate stock solution, 250 mL calicum chloride stock solution, 250 mL of citric acid and ferric ammonium citrate stock soluion, 250 mL of trace metal solution, and 125 mL of sodium carbonate stock solution.",20.88,24.9,0.1,7.88,1,12.5,21.59,0.75,NA,NA,1.85,0.03,25.8,CP_P5_021815,1300,0.14,0.84,0.12,0.3,13.99,0.55,0.37,NA,NA,0,0,0,NA,0,0,0,NA,0,0,0,0.016,NA,0.270463519,2/18/2015,83.75,192.17,3.99,180,0
1306,CP_P5_022715,42062.25972,49,4.12,10.61,JAN292015,CP,LRB-AZ-1201,LRB1201_01282015_Pooled,LRB1201_01282015_Pond,29.81,P5,CP,JAN292015,P5,2/27/2015 6:14,LRB-AZ-1201,LRB1201_01282015_Pooled,LRB1201_01282015_Pond,"3x, 0.214",3.930555556,7,1025,0.135111111,138.4888889,,Ponds drained in preparation for the Spring LRB1201 campaign.,29.81,24.4,NA,7.6,1,11,31.06,1.99,NA,NA,1.14,0.04,60.33,CP_P5_022715,1306,0.15,1.65,0.14,1.24,10.75,0.26,0.96,NA,NA,108.466,76.689,70.7,0.083,0,0,NA,NA,7.155,5.801,81.1,0.018,157.1384898,0.272340967,2/27/2015,80.84,256.74,5.42,164.16,0
1351,CP_P5_03132015,42076.33681,48,6.78,9.53,MAR122015,CP,LRB-AZ-1201,,LRB1201_1282015_Pond5,8.94,P5,CP,MAR122015,P5,3/13/2015 8:05,LRB-AZ-1201,,LRB1201_1282015_Pond5,NA,NA,NA,NA,NA,NA,NA,NA,8.94,24.4,0.1,7.65,1.2,12.3,42.82,1.45,NA,NA,1.69,0.02,17.57,CP_P5_03132015,1351,0.29,1.3,0.27,1.11,7.24,1.34,0.15,NA,NA,NA,NA,NA,0.086,NA,NA,NA,NA,NA,NA,NA,0.004,NA,NA,3/13/2015,43.5,222.67,8.14,126.08,0
265,CP_P5_041114,41740.3125,43.71,15.87,7.38,APR032014,CP,KA32,KA32_03122014,KA32-04042014_Pond,6.77,P5,CP,MAR122015,P5,3/13/2015 8:05,LRB-AZ-1201,,LRB1201_1282015_Pond5,NA,NA,NA,NA,NA,NA,NA,NA,8.94,24.4,0.1,7.65,1.2,12.3,42.82,1.45,NA,NA,1.69,0.02,17.57,CP_P5_03132015,1351,0.29,1.3,0.27,1.11,7.24,1.34,0.15,NA,NA,NA,NA,NA,0.086,NA,NA,NA,NA,NA,NA,NA,0.004,NA,NA,4/10/2015,70.88,297.54,4.14,189.38,0
1295,CP_P6_020415,42039.32222,49.92,6.8,9.39,JAN292015,CP,LRB-AZ-1201,LRB1201_01282015_Pooled,LRB1201_01282015_Pond,6.88,P6,CP,MAR122015,P5,4/10/2015 7:50,LRB-AZ-1201,,LRB1201_1282015_Pond5,NA,2.0625,NA,NA,NA,NA,NA,NA,36.93,24.7,NA,8.25,0.8,9.2,17.79,1.07,NA,NA,1.51,0,8.17,CP_P5_4102015,1357,0.21,1.11,0.19,0.88,10.24,0.13,3,NA,NA,0,0,0,0.165,NA,NA,NA,NA,0,0,0,0.068,NA,NA,4/17/2015,39.92,311.04,4.12,205.17,0
271,CP_P5_041814,41747.29097,48.29,15.86,8.28,APR032014,CP,KA32,KA32_03122014,KA32-04042014_Pond,13.75,P5,CP,MAR122015,P5,4/17/2015 8:00,LRB-AZ-1201,,LRB1201_1282015_Pond5,NA,2.065972222,NA,NA,NA,NA,NA,NA,43.94,24.5,0.1,9.38,0.8,9.9,22.01,1.69,NA,NA,0.23,0.05,65.28,CP_P5_04172015,1363,0.15,1.3,0.14,2.08,8.94,NA,NA,NA,NA,0,0,0,0.121,NA,NA,NA,NA,0,0,0,0.038,NA,NA,4/24/2015,73.29,288.5,4.42,278.25,0
283,CP_P5_043014,41759.3125,43.9,15.34,9.92,APR032014,CP,KA32,KA32_03122014,KA32-04042014_Pond,25.77,P5,CP,MAR122015,P5,4/24/2015 7:44,LRB-AZ-1201,,LRB1201_1282015_Pond5,NA,2.059027778,NA,NA,NA,NA,NA,NA,50.93,24.8,NA,8.1,0.7,12.1,20.06,0.53,NA,NA,1.82,0.04,7.63,CP_P5_04242015,1369,0.17,9.65,0.15,9.92,12.06,NA,NA,NA,NA,0,0,0,0.232,NA,NA,NA,NA,0,0,0,0.027,159.6233852,NA,5/22/2015,75.58,325,5.12,290.62,0
1541,CP_P5_052915,42153.31944,45.49,13.91,7.31,MAY052015,CP,KA32,KA32_05062015_pooledNO3,KA32_05062015_PondNO3,22.88,P5,CP,MAY052015,P5,5/22/2015 7:50,KA32,KA32_05062015_pooledNO3,KA32_05062015_PondNO3,"NO3, 3x, 0.214",15.88888889,1,512.5,0.457777778,234.6111111,,"Biomass centrifuged down, 7000 rpm for 6 min at 10 degrees C. Pelleted biomass was dark green. Supernatant was yellow.",15.89,24.8,NA,7.88,38.1,13.8,36.59,0.39,NA,NA,0.2,5.87,411.93,CP_P5_052215,1535,0.48,0.46,0.46,0,4.63,2.3,0.35,NA,NA,0,0,0,NA,0,0,0,NA,0,0,0,NA,NA,NA,5/29/2015,80.38,294.21,4.8,285.04,0
1547,CP_P5_060515,42160.31528,43.74,13.94,7.14,MAY052015,CP,KA32,KA32_05062015_pooledNO3,KA32_05062015_PondNO3,29.88,P5,CP,MAY052015,P5,5/29/2015 7:40,KA32,KA32_05062015_pooledNO3,KA32_05062015_PondNO3,"NO3, 3x, 0.214",3.986111111,3,512.5,0.352933333,180.8783333,,"Biomass centrifuged down, 5000 rpm for 10 min. Pellet was green, supernatant had red tint. Green filtrate observed in at least one AFDW replicate.",22.88,24.5,1.56,7.81,32.4,13.6,24.03,2.38,NA,NA,0.26,2.25,207.34,CP_P5_052915,1541,0.38,1.57,0.35,0.81,6.24,1.77,1.95,NA,NA,0,0,0,0.171,0,0,0,NA,0,0,0,0.01,NA,NA,6/5/2015,77.58,302.33,5.03,265.88,0
1553,CP_P5_060815,42163.29097,45.28,13.28,10.95,MAY052015,CP,KA32,KA32_05062015_pooledNO3,KA32_05062015_PondNO3,32.85,P5,CP,MAY052015,P5,6/5/2015 7:34,KA32,KA32_05062015_pooledNO3,KA32_05062015_PondNO3,"NO3, 3x, 0.214",4.027777778,5,512.5,0.291,149.1375,,,29.88,24.6,0.19,7.83,40.2,13.8,16.25,7.28,NA,NA,0.14,8.45,263.28,CP_P5_060515,1547,0.31,2.85,0.29,0.93,6.98,1.53,0.18,NA,NA,0,0,0,0.138,0,0,0,NA,0,0,0,NA,NA,NA,6/8/2015,70.12,341.17,4.14,240.71,0
1559,CP_P5_060915,42164.29097,43.52,14.56,11.76,MAY052015,CP,KA32,KA32_05062015_pooledNO3,KA32_05062015_PondNO3,33.85,P5,CP,MAY052015,P5,6/8/2015 6:59,KA32,KA32_05062015_pooledNO3,KA32_05062015_PondNO3,"NO3, 3x, 0.214",2.975694444,6,512.5,0.259428571,132.9571429,,,32.85,23.7,0.45,7.98,39,14.4,8.07,6.79,NA,NA,0.13,8.16,136.12,CP_P5_060815,1553,0.27,1.52,0.26,1.32,5.48,1.33,0.22,NA,NA,0,0,0,0.075,0,0,0,NA,0,0,0,0.003,209.0288316,NA,6/9/2015,80.08,77.75,3.67,232.33,0.03
1565,CP_P5_061015,42165.32639,46.62,12.54,10.11,MAY052015,CP,KA32,KA32_05062015_pooledNO3,KA32_05062015_PondNO3,34.89,P5,CP,MAY052015,P5,6/9/2015 6:59,KA32,KA32_05062015_pooledNO3,KA32_05062015_PondNO3,NA,NA,NA,NA,NA,NA,NA,NA,33.85,24,1.15,7.49,37.9,14.9,4.81,5.62,NA,NA,0.1,4.68,107.59,CP_P5_060915,1559,0.19,0.69,0.18,1.1,4.48,0.91,0.3,NA,NA,NA,NA,NA,0.063,NA,NA,NA,NA,NA,NA,NA,0.007,NA,NA,6/10/2015,66.21,326.21,5.24,202.42,0
1571,CP_P5_061115,42166.33333,43,13.83,11.29,MAY052015,CP,KA32,KA32_05062015_pooledNO3,KA32_05062015_PondNO3,35.9,P5,CP,MAY052015,P5,6/10/2015 7:50,KA32,KA32_05062015_pooledNO3,KA32_05062015_PondNO3,NA,NA,NA,NA,NA,NA,NA,NA,34.89,24.8,NA,8.15,37.1,15.7,2.86,3.21,NA,NA,0.09,3.35,69.72,CP_P5_061015,1565,0.2,0.35,0.19,0.65,4.13,0.95,0.75,NA,NA,NA,NA,NA,0.195,NA,NA,NA,NA,NA,NA,NA,0.001,45.23580366,NA,6/11/2015,81.5,319.75,5.17,291.29,0
1577,CP_P5_061215,42167.31944,36.12,18.12,11.6,MAY052015,CP,KA32,KA32_05062015_pooledNO3,KA32_05062015_PondNO3,36.88,P5,CP,MAY052015,P5,6/11/2015 8:00,KA32,KA32_05062015_pooledNO3,KA32_05062015_PondNO3,NA,NA,NA,NA,NA,NA,NA,NA,35.9,24.8,NA,8.09,NA,16.5,0.08,392.15,NA,NA,0.04,NA,4.5,CP_P5_061115,1571,0.29,1.73,0.27,0.5,7.6,1.3,2.62,NA,NA,NA,NA,NA,0.035,NA,NA,NA,NA,NA,NA,NA,0.001,375.3398058,NA,6/12/2015,78.12,319.5,4.77,268.88,0
1583,CP_P5_061515,42170.36458,26.96,28.36,13.71,MAY052015,CP,KA32,KA32_05062015_pooledNO3,KA32_05062015_PondNO3,39.93,P5,CP,MAY052015,P5,6/12/2015 7:40,KA32,KA32_05062015_pooledNO3,KA32_05062015_PondNO3,NA,NA,NA,NA,NA,NA,NA,NA,36.88,NA,NA,NA,NA,NA,-0.23,-54.99,NA,NA,NA,NA,NA,CP_P5_061215,1577,0.3,1.73,0.29,0.37,3.27,1.5,0.39,NA,NA,NA,NA,NA,0.016,NA,NA,NA,NA,NA,NA,NA,NA,94.74885845,NA,6/15/2015,76.33,343.46,5.37,286.75,0
2385,CP_P5_070115,42186.31806,31.29,4.22,17.08,JUN172015,CP,C046,C046_06182015_pooledpanel,C046_06182015_pond,12.94,P5,CP,MAY052015,P5,6/15/2015 8:45,KA32,KA32_05062015_pooledNO3,KA32_05062015_PondNO3,"NO3, 3x, 0.214",7.072916667,7,1025,0.382444444,392.0055556,,No qPCR samples collected. Ponds harvested completely and cleaned for next run with bleach and muriatic acid to remove biomass stuck to sides.,39.93,23.3,0.37,8,32.7,15.4,-0.01,-346.41,NA,NA,NA,NA,NA,CP_P5_061515,1583,0.39,0.79,0.38,0.59,1.09,1.91,1.3,NA,NA,69.115,59.02,85.4,NA,0,0,NA,NA,9.696,4.295,44.3,NA,141.3150147,NA,7/1/2015,66.75,154.83,2.98,221.25,0
2391,CP_P5_070315,42188.36458,38.45,6.32,16.81,JUN172015,CP,C046,C046_06182015_pooledpanel,C046_06182015_pond,14.99,P5,CP,JUN172015,P5,7/1/2015 7:38,C046,C046_06182015_pooledpanel,C046_06182015_pond,"3x, 0.214",12.94305556,1,512.5,0.40574,207.94175,,"First harvest performed today. Replacement pH and temperature probe found and used. Cloudy morning with sun coming out during harvesting procedure. 5 gallons of culture collected for biochemical analysis, and allowed to settle for 30 minutes. 500 ml of the thickest sludge was collected, settled, then centrifuged at 10,000 RPM for 10 minutes.",12.94,24.4,0.32,8.09,NA,16,3.8,1.97,NA,NA,0.03,33.33,87.73,CP_P5_070115,2385,0.64,3.36,0.41,2.3,36.83,0.64,0.42,0.67,1.17,0,0,0,0.024,0,0,0,NA,0,0,0,0.001,316.7259786,0.555219374,7/3/2015,79.21,328.25,4.82,266.58,0
2397,CP_P5_070615,42191.32639,43.98,6.24,19.05,JUN172015,CP,C046,C046_06182015_pooledpanel,C046_06182015_pond,17.95,P5,CP,JUN172015,P5,7/3/2015 8:45,C046,C046_06182015_pooledpanel,C046_06182015_pond,"3x, 0.214",2.046527778,2,512.5,0.264166667,135.3854167,,"pH probe returned to field. Sunny day. Lowest amount of observable contaminants. 5 gallons of culture collected for biochemical analysis, and allowed to settle for 30 minutes. 500 ml of the thickest sludge was collected, settled, then centrifuged at 10,000 RPM for 10 minutes.",14.99,24.6,0.1,8.08,NA,16.9,4.44,2.34,NA,NA,0.12,1.55,25.79,CP_P5_070315,2391,0.36,2.43,0.26,1.97,26.12,0.58,1,0.61,1.2,0,0,0,0.077,0,0,0,NA,0,0,0,0.014,143.9128744,0.62126402,7/6/2015,79.96,323.33,5.26,296.75,0
2403,CP_P5_070815,42193.32639,38.82,6.31,15.47,JUN172015,CP,C046,C046_06182015_pooledpanel,C046_06182015_pond,19.95,P5,CP,JUN172015,P5,7/6/2015 7:50,C046,C046_06182015_pooledpanel,C046_06182015_pond,"3x, 0.214",2.961805556,3,512.5,0.239866667,122.9316667,,"High salinity readings in all ponds, tried to correct with slightly lower-than-setpoint salinity in water added after harvest performed. around even distribution between free swimming flagellates and ones in/near flocs. 5 gallons of culture collected for biochemical analysis, and allowed to settle for 30 minutes. 500 ml of the thickest sludge was collected, settled, then centrifuged at 10,000 RPM for 10 minutes.",17.95,24,0.36,8.16,NA,17.4,0.65,3.19,NA,NA,0.05,28.64,8.48,CP_P5_070615,2397,0.32,5.79,0.24,4.08,25.27,0.53,0.43,0.57,0.46,0,0,0,0.097,0,0,0,NA,0,0,0,0.058,156.1767005,0.448420426,7/8/2015,75.08,309.54,5.22,265.88,0
2409,CP_P5_071015,42195.36042,36.87,5.92,14.71,JUN172015,CP,C046,C046_06182015_pooledpanel,C046_06182015_pond,21.99,P5,CP,JUN172015,P5,7/8/2015 7:50,C046,C046_06182015_pooledpanel,C046_06182015_pond,"3x, 0.214",2,4,512.5,0.182866667,93.71916667,,"Cloudy day, performed 4th harvest without any problems. 5 gallons of culture collected for biochemical analysis, and allowed to settle for 30 minutes. 500 ml of the thickest sludge was collected, settled, then centrifuged at 10,000 RPM for 10 minutes.",19.95,24.3,0.74,7.98,NA,17.2,3.69,3.73,NA,NA,0.33,1.77,7.82,CP_P5_070815,2403,0.22,0.93,0.18,0.62,15.47,0.45,0.82,0.48,1.71,0,0,0,0.052,0,0,0,NA,0,0,0,0.015,203.7037037,NA,7/10/2015,73.92,326.71,5.12,237.33,0
2415,CP_P5_071315,42198.30903,34.77,6.61,18.06,JUN172015,CP,C046,C046_06182015_pooledpanel,C046_06182015_pond,24.93,P5,CP,JUN172015,P5,7/10/2015 8:39,C046,C046_06182015_pooledpanel,C046_06182015_pond,"3x, 0.214",2.034722222,5,512.5,0.1968,100.86,,"Bright sun and fast moving clouds. 5th harvest performed. 5 gallons of culture collected for biochemical analysis, and allowed to settle for 30 minutes. 500 ml of the thickest sludge was collected, settled, then centrifuged at 10,000 RPM for 10 minutes.",21.99,24.7,NA,8.03,33.9,17.5,3.16,4.79,NA,NA,0.4,3.76,5.42,CP_P5_071015,2409,0.23,14.17,0.2,5.7,14.55,0.39,1.23,0.42,2.28,0,0,0,0.077,0,0,0,NA,0,0,0,0.009,NA,NA,7/13/2015,76.12,328.83,4.88,240.33,0
2421,CP_P5_071515,42200.30556,38.44,7.16,18.68,JUN172015,CP,C046,C046_06182015_pooledpanel,C046_06182015_pond,26.93,P5,CP,JUN172015,P5,7/13/2015 7:25,C046,C046_06182015_pooledpanel,C046_06182015_pond,"3x, 0.214",2.947916667,6,512.5,0.214041667,109.6963542,,"Cloudy morning but warm outside. 6th harvest performed with Poinds 1-3 being harvested down to 5.75 (.33/day dilution rate). Cultures settled out after paddle wheels stopped for final draining measurement and would not resuspend until refilled in ponds 1-3. Pond 1 pH probe recalibrated, pond 3 salinity probe recalibrated. spear shaped algae in floc of desmodesmus. 5 gallons of culture collected for biochemical analysis, and allowed to settle for 30 minutes. 500 ml of the thickest sludge was collected, settled, then centrifuged at 10,000 RPM for 10 minutes.",24.93,23.6,0.49,7.91,37.1,15,0.13,4.33,NA,NA,0.05,49.49,1.98,CP_P5_071315,2415,0.23,1.98,0.21,2.27,7.29,0.5,0.49,0.53,1.63,0,0,0,0.079,0,0,0,NA,0,0,0,0.009,NA,NA,7/15/2015,77.21,290.54,5.1,242.25,0
2427,CP_P5_071715,42202.41319,33.84,6.07,21.11,JUN172015,CP,C046,C046_06182015_pooledpanel,C046_06182015_pond,29.04,P5,CP,JUN172015,P5,7/15/2015 7:20,C046,C046_06182015_pooledpanel,C046_06182015_pond,"3x, 0.214",1.996527778,7,512.5,0.1592,81.59,,"Cloudy morning, ponds look good and green. 7th harvest performed. more flagellates near flocs. 5 gallons of culture collected for biochemical analysis, and allowed to settle for 30 minutes. 500 ml of the thickest sludge was collected, settled, then centri",26.93,24.6,0.32,8.04,37.1,16,3.62,4.25,NA,NA,0.32,4.82,7.9,CP_P5_071515,2421,0.18,2.04,0.16,1.9,9.56,0.41,2.1,0.43,2.05,0,0,0,0.098,0,0,0,NA,0,0,0,0.018,NA,NA,7/17/2015,77.75,328.38,4.88,187.42,0
2432,CP_P5_072015,42205.28403,40.09,8.26,20.03,JUN172015,CP,C046,C046_06182015_pooledpanel,C046_06182015_pond,31.91,P5,CP,JUN172015,P5,7/17/2015 9:55,C046,C046_06182015_pooledpanel,C046_06182015_pond,"3x, 0.214",2.107638889,8,512.5,0.158133333,81.04333333,,"8th harvest performed, saltwater storage tank ran dry after ponds 1, 2, 3, 6, and almost all of 4 were filled. Very sunny morning. 5 gallons of culture collected for biochemical analysis, and allowed to settle for 30 minutes. 500 ml of the thickest sludge was collected, settled, then centrifuged at 10,000 RPM for 10 minutes.",29.04,24.3,0.63,8.03,38.5,17.6,3.12,3.8,NA,NA,0.46,1.26,4.72,CP_P5_071715,2427,0.21,7.53,0.16,3.17,22.8,0.39,1.59,0.42,2.13,0,0,0,0.041,0,0,0,NA,0,0,0,0.006,NA,NA,7/20/2015,67.75,247,5.94,208.71,0
2438,CP_P5_072115,42206.41597,39.63,8.29,18.19,JUN172015,CP,C046,C046_06182015_pooledpanel,C046_06182015_pond,33.04,P5,CP,JUN172015,P5,7/20/2015 6:49,C046,C046_06182015_pooledpanel,C046_06182015_pond,"3x, 0.214",2.871527778,9,553.5,0.124633333,68.98455,,"Field pH probe was not found in storage solution, would not calibrate well, and gave very inconsistent and atypical readings when used to check YSI continuous monitoring. very low abundance of flagellates, diatoms are too numerous to count.  5 gallons of culture collected for biochemical analysis, and allowed to settle for 30 minutes. 500 ml of the thickest sludge was collected, settled, then centrifuged at 10,000 RPM for 10 minutes.",31.91,28.5,NA,6.94,33.5,21.4,2.93,1.49,NA,NA,0.18,5.02,11.38,CP_P5_072015,2432,0.14,4.1,0.12,3.74,9.65,0.33,1.31,0.36,2.14,0,0,0,NA,0,0,0,NA,0,0,0,NA,NA,NA,7/21/2015,78,320.29,4.68,227.04,0
2444,CP_P5_072215,42207.41597,40.7,8.98,20.35,JUN172015,CP,C046,C046_06182015_pooledpanel,C046_06182015_pond,34.04,P5,CP,JUN172015,P5,7/21/2015 9:59,C046,C046_06182015_pooledpanel,C046_06182015_pond,NA,NA,NA,NA,NA,NA,NA,NA,33.04,24.9,0.09,7.82,35,21.2,3.75,2.55,NA,NA,0.31,3.14,8.45,CP_P5_072115,2438,0.14,3.49,0.12,1.54,15.59,0.27,1.14,0.28,0.87,NA,NA,NA,0.111,NA,NA,NA,NA,NA,NA,NA,0.014,NA,NA,7/22/2015,80.42,251.17,5.14,243.75,0
2450,CP_P5_072315,42208.36806,33.69,11.67,24.71,JUN172015,CP,C046,C046_06182015_pooledpanel,C046_06182015_pond,34.99,P5,CP,JUN172015,P5,7/22/2015 9:59,C046,C046_06182015_pooledpanel,C046_06182015_pond,NA,NA,NA,NA,NA,NA,NA,NA,34.04,24.6,0.3,8.18,35.8,18.5,NA,NA,NA,NA,-0.01,-20.95,0,CP_P5_072215,2444,0.19,2.86,0.17,1.18,13.27,0.46,0.5,0.48,0.98,NA,NA,NA,NA,NA,NA,NA,NA,NA,NA,NA,NA,278.475234,NA,7/23/2015,76.12,315.04,5.17,273.42,0
2456,CP_P5_072415,42209.34375,28.16,11.86,30.82,JUN172015,CP,C046,C046_06182015_pooledpanel,C046_06182015_pond,35.97,P5,CP,JUN172015,P5,7/23/2015 8:50,C046,C046_06182015_pooledpanel,C046_06182015_pond,NA,NA,NA,NA,NA,NA,NA,NA,34.99,24,0.63,7.86,33.5,17.3,0.07,9.1,NA,NA,0.07,9.1,0.69,CP_P5_072315,2450,0.3,1.31,0.24,3.89,19.02,0.56,1.03,0.59,0.76,NA,NA,NA,0.031,NA,NA,NA,NA,NA,NA,NA,0.002,364.6319205,NA,7/24/2015,72.71,328.29,4.49,205.62,0
2462,CP_P5_072715,42212.35347,22.34,13.76,42.55,JUN172015,CP,C046,C046_06182015_pooledpanel,C046_06182015_pond,38.98,P5,CP,JUN172015,P5,7/24/2015 8:15,C046,C046_06182015_pooledpanel,C046_06182015_pond,NA,NA,NA,NA,NA,NA,NA,NA,35.97,24.5,NA,7.93,35,12.3,NA,NA,NA,NA,NA,NA,NA,CP_P5_072415,2456,0.26,2.78,0.24,1.42,7.95,0.58,1.12,0.6,1.36,NA,NA,NA,NA,NA,NA,NA,NA,NA,NA,NA,NA,NA,NA,7/27/2015,80.58,325.88,4.56,223.58,0
860,CP_P5_092414,41906.3125,40.24,11.81,9.96,SEP102014,CP,KA32,KA32_09052054,KA32_09162014_Pond,7.83,P5,CP,JUN172015,P5,7/27/2015 8:29,C046,C046_06182015_pooledpanel,C046_06182015_pond,"3x, 0.214",7.069444444,10,1025,0.317666667,325.6083333,,"Pond drained and cleaned. flocs are more grouped together, biomass is not as spread out.  5 gallons of culture collected for biochemical analysis, and allowed to settle for 30 minutes. 500 ml of the thickest sludge was collected, settled, then centrifuged at 10,000 RPM for 10 minutes.",38.98,22.7,0.6,NA,NA,NA,NA,NA,NA,NA,NA,NA,NA,CP_P5_072715,2462,0.36,1.98,0.32,1.75,12.56,0.64,0.66,0.64,0.71,48.902,43.072,88.1,NA,0,0,NA,NA,12.166,10.857,89.2,NA,130.715005,NA,10/31/2013,43.08,176.79,2.5,115.38,0
87,P6_8Nov2013,41586.40278,45.05,16.24,7.22,OCT172013,CP,KA32,KA32_4Oct2013_Panels,KA32_4Oct2013,21.67,P6,CP,OCT172013,P6,10/31/2013 8:15,KA32,KA32_4Oct2013_Panels,KA32_4Oct2013,NA,NA,NA,NA,NA,NA,NA,NA,13.61,25.08,0.35,8.9,33.7,8.9,NA,NA,NA,NA,NA,NA,NA,P6_31Oct13,81,NA,NA,NA,NA,NA,1.11,0.31,NA,NA,NA,NA,NA,NA,NA,NA,NA,NA,NA,NA,NA,NA,NA,NA,11/8/2013,40.54,166.17,1.43,130.75,0
,,,,,,,,,,,,,CP,OCT172013,P6,11/8/2013 9:40,KA32,KA32_4Oct2013_Panels,KA32_4Oct2013,replete,21.67361111,1,1025,0.439733333,450.7266667,,,21.67,24.75,0.03,8.4,30,9,15.38,2.96,NA,NA,NA,NA,NA,P6_8Nov2013,87,0.73,4.25,0.44,2,39.8,1.97,0.47,NA,NA,0,0,0,0.001,0,0,0,NA,0,0,0,NA,NA,NA,11/22/2013,48.62,99.08,2.19,66.54,0
104,P6_29Nov2013,41607.35069,33.26,22.82,10.86,OCT172013,CP,KA32,KA32_9Oct2013_Pond3,KA32_9Oct2013,42.62,P6,CP,OCT172013,P6,11/22/2013 8:55,KA32,KA32_9Oct2013_Pond3,KA32_9Oct2013,NA,NA,NA,NA,NA,NA,NA,NA,35.64,25,0.5,NA,NA,NA,3.81,2.51,NA,NA,NA,NA,NA,P6_22Nov2013,93,NA,NA,NA,NA,NA,1.4,0.45,NA,NA,NA,NA,NA,NA,NA,NA,NA,NA,NA,NA,NA,NA,NA,NA,11/25/2013,39.21,145.08,2.72,69.04,0
110,P6_2Dec2013,41610.35764,31.7,26.31,10.44,OCT172013,CP,KA32,KA32_9Oct2013_Pond3,KA32_9Oct2013,45.63,P6,CP,OCT172013,P6,11/25/2013 9:45,KA32,KA32_9Oct2013_Pond3,KA32_9Oct2013,NA,NA,NA,NA,NA,NA,NA,NA,38.68,24,0.33,7.89,35.1,9.5,1.5,28.96,NA,NA,NA,NA,NA,P6_25Nov2013,99,0.33,0.94,0.3,1.67,7.65,1.57,0.15,NA,NA,NA,NA,NA,NA,NA,NA,NA,NA,NA,NA,NA,NA,NA,NA,11/29/2013,52.46,84.83,1.25,107.38,0
81,P6_31Oct13,41578.34375,47.24,12.38,7.91,OCT172013,CP,KA32,KA32_4Oct2013_Panels,KA32_4Oct2013,13.61,P6,CP,OCT172013,P6,11/29/2013 8:25,KA32,KA32_9Oct2013_Pond3,KA32_9Oct2013,NA,NA,NA,NA,NA,NA,NA,NA,42.62,24.6,0.15,8,35,10.4,NA,NA,NA,NA,NA,NA,NA,P6_29Nov2013,104,0.43,17.85,0.38,2.88,10.05,1.71,0,NA,NA,NA,NA,NA,NA,NA,NA,NA,NA,NA,NA,NA,NA,NA,NA,12/2/2013,46.67,137.08,2.32,165.67,0
116,P6_5Dec2013,41613.39583,31.84,29.42,11.2,OCT172013,CP,KA32,KA32_9Oct2013_Pond3,KA32_9Oct2013,48.67,P6,CP,OCT172013,P6,12/2/2013 8:35,KA32,KA32_9Oct2013_Pond3,KA32_9Oct2013,NA,NA,NA,NA,NA,NA,NA,NA,45.63,23.8,0.27,8.27,35.7,9.7,1.31,53.01,NA,NA,NA,NA,NA,P6_2Dec2013,110,0.41,1.41,0.39,0.18,5.6,1.81,0.34,NA,NA,NA,NA,NA,0.036,NA,NA,NA,NA,NA,NA,NA,NA,NA,NA,12/5/2013,22.12,141.25,2.33,48.21,0
,,,,,,,,,,,,,CP,OCT172013,P6,12/5/2013 9:30,KA32,KA32_9Oct2013_Pond3,KA32_9Oct2013,NA,NA,NA,NA,NA,NA,NA,NA,48.67,24.8,NA,7.92,34,2.9,NA,NA,NA,NA,NA,NA,NA,P6_5Dec2013,116,NA,NA,NA,NA,NA,2.01,0.12,NA,NA,NA,NA,NA,NA,NA,NA,NA,NA,NA,NA,NA,NA,NA,NA,4/11/2014,80.25,267.83,1.37,285.12,0
272,CP_P6_041814,41747.29097,47.99,16.21,8.69,APR032014,CP,KA32,KA32_03122014,KA32-04042014_Pond,13.75,P6,CP,APR032014,P6,4/11/2014 7:30,KA32,KA32_03122014,KA32-04042014_Pond,NA,NA,NA,NA,NA,NA,NA,NA,6.77,25.2,NA,7.86,33.3,11.8,0.57,12.15,NA,NA,8.04,0.02,0.16,CP_P6_041114,266,0.21,14.14,0.18,3.4,10.12,0.81,2.51,NA,NA,NA,NA,NA,NA,NA,NA,NA,NA,NA,NA,NA,0.016,NA,NA,4/18/2014,80.96,297.83,1.51,294.21,0
1370,CP_P6_04242015,42118.32222,51.36,6.38,9.69,MAR122015,CP,LRB-AZ-1201,,LRB1201_1282015_Pond6,50.93,P6,CP,APR032014,P6,4/18/2014 6:59,KA32,KA32_03122014,KA32-04042014_Pond,NA,NA,NA,NA,NA,NA,NA,NA,13.75,24.8,NA,7.99,33.3,13.4,8.06,16.56,NA,NA,3.38,0,5.27,CP_P6_041814,272,0.42,0.94,0.39,0.59,6.91,2.13,1.14,NA,NA,NA,NA,NA,NA,NA,NA,NA,NA,NA,NA,NA,0.01,NA,NA,4/23/2014,80.96,297.83,1.51,294.21,0
284,CP_P6_043014,41759.3125,43.43,15.54,9.76,APR032014,CP,KA32,KA32_03122014,KA32-04042014_Pond,25.77,P6,CP,APR032014,P6,4/23/2014 7:30,KA32,KA32_03122014,KA32-04042014_Pond,"3x, 0.11",18.77083333,1,512.5,0.554289474,284.0733553,,,18.77,24.8,NA,7.98,33,8.4,1.68,17.96,NA,NA,0.9,0.06,4.13,CP_P6_042314,278,0.59,1.07,0.55,0.27,6.53,3.06,0.53,NA,NA,0,0,0,0.044,0,0,0,NA,0,0,0,0.029,NA,NA,4/30/2014,80.96,297.83,1.51,294.21,0
296,CP_P6_051414,41773.31944,45.15,15.77,8.9,APR032014,CP,KA32,KA32_03122014,KA32-04042014_Pond,39.78,P6,CP,APR032014,P6,4/30/2014 7:30,KA32,KA32_03122014,KA32-04042014_Pond,"3x, 0.11",1.979166667,4,287,0.32968254,94.61888889,,Pond 6 accidently drained to 18 cm.,25.77,25,NA,7.89,41.2,12.8,22.73,12.4,NA,NA,1.35,0.25,37.38,CP_P6_043014,284,0.35,1.2,0.33,0.8,5.67,1.79,0.22,NA,NA,0,0,0,NA,0,0,0,NA,0,0,0,0.015,NA,NA,5/7/2014,80.96,297.83,1.51,294.21,0
302,CP_P6_052114,41780.3125,,,,APR032014,CP,KA32,KA32_03122014,KA32-04042014_Pond,46.77,P6,CP,APR032014,P6,5/7/2014 7:17,KA32,KA32_03122014,KA32-04042014_Pond,"3x, 0.11",1.970138889,7,256.25,0.321011905,82.2593006,,,32.76,24,0.26,7.56,36.7,10.9,3.89,18.21,NA,NA,0.05,0.37,180.55,CP_P6_050714,290,0.35,8.44,0.32,8.03,7.76,1.54,0.26,NA,NA,0,0,0,NA,0,0,0,NA,0,0,0,0.006,NA,NA,5/14/2014,80.96,297.83,1.51,294.21,0
1536,CP_P6_052225,42146.32639,,,,MAY052015,CP,KA32,KA32_05062015_pooledNO3,KA32_05062015_PondNO3,15.89,P6,CP,APR032014,P6,5/14/2014 7:40,KA32,KA32_03122014,KA32-04042014_Pond,"3x, 0.11",2.006944444,10,256.25,0.308148148,78.96296296,,,39.78,24.5,0.25,8.01,34.8,13.8,16.61,4.67,NA,NA,1.01,0.05,36.53,CP_P6_051414,296,0.33,0.27,0.31,0.04,6.71,1.6,0.78,NA,NA,0,0,0,0.064,0,0,0,NA,0,0,0,0.013,NA,NA,5/21/2014,80.96,297.83,1.51,294.21,0
1542,CP_P6_052915,42153.31944,47.78,13.54,7.18,MAY052015,CP,KA32,KA32_05062015_pooledNO3,KA32_05062015_PondNO3,22.88,P6,CP,APR032014,P6,5/21/2014 7:30,KA32,KA32_03122014,KA32-04042014_Pond,"3x, 0.11",1.989583333,13,256.25,0.252622222,64.73444444,,,46.77,24.8,0.2,8.21,35.9,13.2,17.62,14.63,NA,NA,2.49,0.01,15.69,CP_P6_052114,302,0.27,1,0.25,0.87,6.55,1.07,0.57,NA,NA,0,0,0,0.674,0,0,0,NA,0,0,0,0.053,NA,NA,6/25/2014,75.62,347,1.44,274.46,0
699,CP_Pond6_070914,41829.3125,41.56,12.48,9.84,JUN112014,CP,KA32,KA32_06132014,KA32_06132014_Pond,25.7,P6,CP,JUN112014,P6,6/25/2014 7:30,KA32,KA32_06132014,KA32_06132014_Pond,"3x, 0.15",11.69791667,1,358.75,0.413333333,148.2833333,,Precipitate observed in trace metal solution,11.7,24.25,0.26,7.59,36.4,14,20.37,6.87,NA,NA,1.17,0.04,38.56,CP_Pond6_062514,687,0.44,3.77,0.41,4.77,6.37,2.1,0.87,NA,NA,0,0,0,0.236,0,0,0,NA,0,0,0,0.05,NA,NA,7/2/2014,76.62,313.62,1.4,281.04,0
705,CP_Pond6_071614,41836.31944,40.88,12.87,9.63,JUN112014,CP,KA32,KA32_06132014,KA32_06132014_Pond,32.7,P6,CP,JUN112014,P6,7/2/2014 7:34,KA32,KA32_06132014,KA32_06132014_Pond,"3x, 0.15",1.996527778,4,358.75,0.303333333,108.8208333,,,18.7,24.6,NA,7.71,36.2,15.2,24.09,15.7,NA,NA,2.27,0.01,23.54,CP_Pond6_070214,693,0.33,1.15,0.3,0,9.29,1.94,1.02,NA,NA,0,0,0,0.162,0,0,0,NA,0,0,0,0.02,NA,NA,7/9/2014,71.62,327.38,1.32,248.12,0
711,CP_Pond6_072314,41843.31944,35.67,11.31,10.51,JUN112014,CP,KA32,KA32_06132014,KA32_06132014_Pond,39.7,P6,CP,JUN112014,P6,7/9/2014 7:30,KA32,KA32_06132014,KA32_06132014_Pond,"3x, 0.15",1.986111111,7,358.75,0.293311111,105.2253611,,,25.7,24.5,0.4,7.78,35.5,16,25.56,19.62,NA,NA,2.92,0.02,19.41,CP_Pond6_070914,699,0.3,12.23,0.29,3.37,1.28,1.54,2.89,NA,NA,0,0,0,0.34,0,0,0,NA,0,0,0,0.009,223.8512426,NA,7/16/2014,73.38,136.42,1.11,245.21,0
717,CP_Pond6_080114,41852.33333,44.4,3.45,12.99,JUL252014,CP,LRB-AZ-1201,LRB1201_07252014,LRB1201_07252014_Pond,6.79,P6,CP,JUN112014,P6,7/16/2014 7:40,KA32,KA32_06132014,KA32_06132014_Pond,"3x, 0.15",2,10,768.75,0.282666667,217.3,,Changed Pond 6 dilution rate,32.7,24.5,0.4,7.75,34.2,18.8,41.08,0.92,NA,NA,4.11,0.04,22.11,CP_Pond6_071614,705,0.33,5.56,0.28,1.76,13.39,1.46,0.57,NA,NA,0,0,0,0.11,0,0,0,NA,0,0,0,0.008,NA,NA,7/23/2014,67.88,326.71,1.55,213.46,0
723,CP_Pond6_080614,41857.32639,45.17,4.99,14.11,JUL252014,CP,LRB-AZ-1201,LRB1201_07252014,LRB1201_07252014_Pond,11.78,P6,CP,JUN112014,P6,7/23/2014 7:40,KA32,KA32_06132014,KA32_06132014_Pond,"3x, 0.15",1.965277778,13,1025,0.153619048,157.4595238,,Entire pond contents harvested in preparation for the next cultivation trial.,39.7,24.4,0.41,9.43,34.7,16.1,54.1,4.69,NA,NA,1.13,0.02,106.01,CP_Pond6_072314,711,0.19,1.58,0.15,0.66,17.44,0.64,0.95,NA,NA,274.485,220.13,80.2,0.126,0,0,NA,NA,39.597,31.704,80.1,0.078,NA,NA,8/1/2014,75.21,302.96,4.56,265.25,0
729,CP_Pond6_082014,41871.70833,42.44,3.59,10.31,JUL252014,CP,LRB-AZ-1201,LRB1201_08182014,LRB1201_08202014_Pond,26.17,P6,CP,JUL252014,P6,8/1/2014 8:00,LRB-AZ-1201,LRB1201_07252014,LRB1201_07252014_Pond,NA,NA,NA,NA,NA,NA,NA,NA,6.79,24.9,NA,7.99,0.8,16.9,46.5,3.9,NA,NA,6.41,0.01,16.05,CP_Pond6_080114,717,0.18,3.26,0.16,3.42,5.81,0.19,2.92,NA,NA,NA,NA,NA,NA,NA,NA,NA,NA,NA,NA,NA,NA,NA,NA,8/6/2014,76.33,237.46,4.83,217.29,0
735,CP_Pond6_082714,41878.34653,40.05,2.32,8.89,JUL252014,CP,LRB-AZ-1201,LRB1201_08182014,LRB1201_08202014_Pond,32.81,P6,CP,JUL252014,P6,8/6/2014 7:50,LRB-AZ-1201,LRB1201_07252014,LRB1201_07252014_Pond,NA,NA,NA,NA,NA,NA,NA,NA,11.78,24.7,NA,7.76,0.9,16.7,32.03,2.15,NA,NA,3.85,0,18.44,CP_Pond6_080614,723,0.28,2.34,0.26,1.63,6.18,0.19,17.92,NA,NA,NA,NA,NA,0.696,NA,NA,NA,NA,NA,NA,NA,0.041,94.61168733,NA,8/20/2014,67.92,233.62,4.3,224.08,0
1283,CP_Pond6_122914,42002.37778,38.29,20.86,8.18,DEC162014,CP,KA32,KA32_12192014_Pooled,KA32_12192014_Pond,9.75,P6,CP,JUL252014,P6,8/20/2014 17:00,LRB-AZ-1201,LRB1201_08182014,LRB1201_08202014_Pond,NA,NA,NA,NA,NA,NA,NA,NA,26.17,NA,NA,NA,NA,NA,NA,NA,NA,NA,NA,NA,NA,CP_Pond6_082014,729,0.04,17.38,0.04,0.95,-0.84,0.24,1.89,NA,NA,NA,NA,NA,NA,NA,NA,NA,NA,NA,NA,NA,NA,NA,NA,8/27/2014,66.79,292.58,3.78,192.29,0
92,P5_22Nov2013,41600.37153,43.22,15.94,9.74,OCT172013,CP,KA32,KA32_9Oct2013_Pond3,KA32_9Oct2013,35.64,P5,CP,JUL252014,P6,8/27/2014 8:19,LRB-AZ-1201,LRB1201_08182014,LRB1201_08202014_Pond,NA,NA,NA,NA,NA,NA,NA,NA,32.81,25,NA,7.53,1,15.1,62.76,9.84,NA,NA,5.28,0,8.23,CP_Pond6_082714,735,0.15,0.95,0.14,0.3,4.25,0.23,5.17,NA,NA,NA,NA,NA,NA,NA,NA,NA,NA,NA,NA,NA,NA,NA,NA,9/24/2014,84.42,156.96,1.22,196.62,0
873,CP_P6_101014,41922.30903,,,,SEP102014,CP,KA32,KA32_09052151,KA32_09162014_Pond,23.83,P6,CP,SEP102014,P6,9/24/2014 7:30,KA32,KA32_09052055,KA32_09162014_Pond,NA,NA,NA,NA,NA,NA,NA,NA,7.83,24.4,1.63,7.75,38,17.1,33.64,12.91,NA,NA,3.44,0.05,21.67,CP_P6_092414,861,0.25,0.53,0.24,0.46,6.18,1.18,0.67,NA,NA,NA,NA,NA,0.332,NA,NA,NA,NA,NA,NA,NA,0.01,NA,NA,9/29/2014,71.6,279.8,1.68,211.5,0
877,CP_P6_101514,41927.3125,,,,SEP102014,CP,KA32,KA32_09052179,KA32_09162014_Pond,28.83,P6,CP,SEP102014,P6,9/29/2014 7:30,KA32,KA32_09052073,KA32_09162014_Pond,NA,12.83333333,NA,NA,NA,NA,NA,NA,12.83,23.9,0.13,8.06,37.9,14.6,27.64,13.32,NA,NA,1.19,0.21,51.44,CP_P6_092914,867,0.42,2.5,0.38,1.3,7.58,2.08,0.59,NA,NA,0,0,0,0.193,NA,NA,NA,NA,0,0,0,0.019,NA,NA,10/10/2014,85.64,219.59,1.24,225.73,0
883,CP_P6_102214,41934.30208,39.59,10.71,8.33,SEP102014,CP,KA32,KA32_09052217,KA32_09162014_Pond,35.82,P6,CP,SEP102014,P6,10/10/2014 7:25,KA32,KA32_09052151,KA32_09162014_Pond,NA,1.822916667,NA,NA,NA,NA,NA,NA,23.83,24.9,NA,6.97,36.1,15.4,66.46,2.55,NA,NA,5.09,0.01,28.89,CP_P6_101014,873,0.13,3.82,0.12,3.82,7.35,0.28,1.62,NA,NA,0,0,0,NA,NA,NA,NA,NA,0,0,0,0.026,NA,NA,10/15/2014,75.34,149.38,1.09,197.48,0
1092,CP_P6_110514,41948.31528,46.67,6.08,8.52,OCT222014,CP,LRB-AZ-1201,LRB_10292014,LRB_10292014_Pond,7.65,P6,CP,SEP102014,P6,10/15/2014 7:30,KA32,KA32_09052179,KA32_09162014_Pond,NA,1.961805556,NA,NA,NA,NA,NA,NA,28.83,24.9,0.1,7.87,34.9,17.1,69.96,8.05,NA,NA,7.61,0.01,20.35,CP_P6_101514,877,0.14,0.79,0.13,0.6,7.67,0.79,0.58,NA,NA,0,0,0,0.46,NA,NA,NA,NA,0,0,0,0.034,NA,NA,10/22/2014,32.32,241.05,2.62,157.74,0
1093,CP_P6_111214,41955.3125,43.81,6.19,11.79,OCT222014,CP,LRB-AZ-1201,LRB_10292014,LRB_10292014_Pond,14.65,P6,CP,SEP102014,P6,10/22/2014 7:15,KA32,KA32_09052217,KA32_09162014_Pond,NA,4.989583333,NA,NA,NA,NA,NA,NA,35.82,NA,NA,7.87,42.4,12.3,NA,NA,NA,NA,6.65,0.02,NA,CP_P6_102214,883,0.18,2.82,0.17,2.11,8.27,0.99,0.91,NA,NA,0,0,0,NA,NA,NA,NA,NA,0,0,0,NA,NA,NA,11/5/2014,40.21,173.12,2.61,95.21,0
1094,CP_P6_120516,41978.3125,41.72,0.43,7.03,OCT222014,CP,LRB-AZ-1201,LRB_11212014,LRB_11212014_Pond,37.65,P6,CP,OCT222014,P6,11/5/2014 7:34,LRB-AZ-1201,LRB_10292014,LRB_10292014_Pond,NA,NA,NA,NA,NA,NA,NA,NA,7.65,26.9,0.1,8.3,0.8,11.5,NA,NA,NA,NA,NA,NA,NA,CP_P6_110514,1092,0.18,0.57,0.17,0.62,8.55,0.89,0.34,NA,NA,NA,NA,NA,NA,NA,NA,NA,NA,NA,NA,NA,NA,NA,NA,11/12/2014,73.75,143.08,1.05,198.17,0
1358,CP_P6_4102015,42104.32639,46.97,6.07,12.01,MAR122015,CP,LRB-AZ-1201,,LRB1201_1282015_Pond6,36.93,P6,CP,OCT222014,P6,11/12/2014 7:30,LRB-AZ-1201,LRB_10292014,LRB_10292014_Pond,"1x, 0.11",14.64583333,1,768.75,0.285555556,219.5208333,,"First Harvest of ponds. From this date on, an Ion Selective Electrode (ISE) was used to measure nitrate concentration. We suspect these measurements are not accurate.",14.65,24.6,0.39,8.04,0.8,13.8,74.86,1.51,NA,NA,1.04,0.02,159.9,CP_P6_111214,1093,0.3,0.64,0.29,0.67,5.51,1.81,0.35,NA,NA,0,0,0,NA,0,0,0,NA,0,0,0,0.02,NA,NA,12/5/2014,90.75,38.92,0.76,142.12,0.2
1288,CP_Pond5_0109215,42013.29444,44.24,14.07,7.56,DEC162014,CP,KA32,KA32_12192014_Pooled,KA32_12192014_Pond,20.67,P5,CP,OCT222014,P6,12/5/2014 7:30,LRB-AZ-1201,LRB_11212014,LRB_11212014_Pond,"1x, 0.11",37.64583333,1,1131.6,0.017777778,20.11733333,,,37.65,27.6,NA,8.12,0.8,15.4,NA,NA,NA,NA,3.16,0.01,NA,CP_P6_120516,1094,0.02,1.84,0.02,15.16,14.72,0.04,2.22,NA,NA,0,0,0,NA,0,0,NA,NA,0,0,0,NA,NA,NA,12/29/2014,55.38,138.79,6.9,111.83,0
98,P5_25Nov2013,41603.40625,37.57,21.93,9.46,OCT172013,CP,KA32,KA32_9Oct2013_Pond3,KA32_9Oct2013,38.68,P5,CP,DEC162014,P6,12/29/2014 9:04,KA32,KA32_12192014_Pooled,KA32_12192014_Pond,NA,NA,NA,NA,NA,NA,NA,NA,9.75,24.8,NA,8.13,36.3,5.1,59.39,1.48,NA,NA,6.32,0.01,20.82,CP_Pond6_122914,1283,0.14,3.67,0.13,1.25,7.66,0.58,0.2,NA,NA,NA,NA,NA,1.046,NA,NA,NA,NA,NA,NA,NA,0.082,NA,NA,1/9/2015,73.83,107.96,3.15,160.38,0
687,CP_Pond6_062514,41815.3125,46.87,10.69,9.82,JUN112014,CP,KA32,KA32_06132014,KA32_06132014_Pond,11.7,P6,CP,DEC162014,P6,1/9/2015 7:04,KA32,KA32_12192014_Pooled,KA32_12192014_Pond,NA,NA,NA,NA,NA,NA,NA,NA,20.67,24.9,NA,8.19,26.5,10.6,40.83,2.63,NA,NA,4.35,0.01,20.78,CP_Pond6_0109215,1289,0.14,1.84,0.12,0.77,10.79,0.6,0.1,NA,NA,NA,NA,NA,0.245,NA,NA,NA,NA,NA,NA,NA,0.111,78.41907152,NA,1/23/2015,44,158.58,8.14,94.25,0
693,CP_Pond6_070214,41822.31528,43.3,12.69,10.12,JUN112014,CP,KA32,KA32_06132014,KA32_06132014_Pond,18.7,P6,CP,DEC162014,P6,1/23/2015 6:59,KA32,KA32_12192014_Pooled,KA32_12192014_Pond,NA,NA,NA,NA,NA,NA,NA,NA,34.67,24.9,NA,6.65,NA,6.2,NA,NA,NA,NA,9.81,0.02,NA,CP_Pond6_012315_Rep1,1207,NA,NA,NA,NA,NA,1.08,0.57,NA,NA,NA,NA,NA,NA,NA,NA,NA,NA,NA,NA,NA,NA,NA,NA,2/4/2015,85.71,165.33,3.54,180.96,0
1301,CP_P6_021815,42053.32639,45.59,6.65,9.07,JAN292015,CP,LRB-AZ-1201,LRB1201_01282015_Pooled,LRB1201_01282015_Pond,20.88,P6,CP,JAN292015,P6,2/4/2015 7:44,LRB-AZ-1201,LRB1201_01282015_Pooled,LRB1201_01282015_Pond,NA,NA,NA,NA,NA,NA,NA,NA,6.88,24.9,NA,8.14,0.9,9.9,42.29,2.92,NA,NA,1.91,0.02,49.11,CP_P6_020415,1295,0.2,0.54,0.17,0.58,12.89,0.81,0.52,NA,NA,NA,NA,NA,0.159,NA,NA,NA,NA,NA,NA,NA,0.014,NA,0.763792061,2/18/2015,83.75,192.17,3.99,180,0
1307,CP_P6_022715,42062.25972,47.99,3.94,10.94,JAN292015,CP,LRB-AZ-1201,LRB1201_01282015_Pooled,LRB1201_01282015_Pond,29.81,P6,CP,JAN292015,P6,2/18/2015 7:50,LRB-AZ-1201,LRB1201_01282015_Pooled,LRB1201_01282015_Pond,"3x, 0.214",2,4,481.75,0.134428571,64.76096429,,"Added 430 mL of N:P stock solution (had to dilute N:P solution to get it to redisolve in water, added enough to have the same concentration added), 250 mL of magnesium sulfate stock solution, 250 mL calicum chloride stock solution, 250 mL of citric acid and ferric ammonium citrate stock soluion, 250 mL of trace metal solution, and 125 mL of sodium carbonate stock solution.",20.88,25,NA,8.15,0.9,12.4,21.28,1.34,NA,NA,1.62,0.02,29.09,CP_P6_021815,1301,0.15,0.25,0.13,0.59,12.71,0.67,0.45,NA,NA,0,0,0,NA,0,0,0,NA,0,0,0,0.028,NA,0.406213407,2/27/2015,80.84,256.74,5.42,164.16,0
1352,CP_P6_03132015,42076.33681,47.7,6.53,9.91,MAR122015,CP,LRB-AZ-1201,,LRB1201_1282015_Pond6,8.94,P6,CP,JAN292015,P6,2/27/2015 6:14,LRB-AZ-1201,LRB1201_01282015_Pooled,LRB1201_01282015_Pond,"3x, 0.214",3.930555556,7,1025,0.13847619,141.9380952,,Ponds drained in preparation for the Spring LRB1201 campaign.,29.81,24.9,NA,7.79,1,11,27.27,1.42,NA,NA,1.38,0.02,43.86,CP_P6_022715,1307,0.15,3.17,0.14,3.2,8.81,0.24,0.87,NA,NA,103.35,75.808,73.4,0.034,0,0,NA,NA,9.481,5.943,62.7,0.008,196.2702537,0.340161285,3/13/2015,43.5,222.67,8.14,126.08,0
266,CP_P6_041114,41740.3125,41.73,16.84,8.31,APR032014,CP,KA32,KA32_03122014,KA32-04042014_Pond,6.77,P6,CP,MAR122015,P6,3/13/2015 8:05,LRB-AZ-1201,,LRB1201_1282015_Pond6,NA,NA,NA,NA,NA,NA,NA,NA,8.94,24.4,0.2,7.86,1.3,12.2,44.05,1.61,NA,NA,1.65,0.02,18.52,CP_P6_03132015,1352,0.27,1.35,0.25,1.8,7.44,1.26,0.09,NA,NA,NA,NA,NA,0.085,NA,NA,NA,NA,NA,NA,NA,0.004,NA,NA,4/10/2015,70.88,297.54,4.14,189.38,0
1364,CP_P6_04172015,42111.33333,48.06,5.65,14.81,MAR122015,CP,LRB-AZ-1201,,LRB1201_1282015_Pond6,43.94,P6,CP,MAR122015,P6,3/13/2015 8:05,LRB-AZ-1201,,LRB1201_1282015_Pond6,NA,NA,NA,NA,NA,NA,NA,NA,8.94,24.4,0.2,7.86,1.3,12.2,44.05,1.61,NA,NA,1.65,0.02,18.52,CP_P6_03132015,1352,0.27,1.35,0.25,1.8,7.44,1.26,0.09,NA,NA,NA,NA,NA,0.085,NA,NA,NA,NA,NA,NA,NA,0.004,NA,NA,4/17/2015,39.92,311.04,4.12,205.17,0
1206,CP_Pond5_012315_Rep1,42027.29097,45.53,14.33,7.11,DEC162014,CP,KA32,KA32_12192014_Pooled,KA32_12192014_Pond,34.67,P5,CP,MAR122015,P6,4/10/2015 7:50,LRB-AZ-1201,,LRB1201_1282015_Pond6,NA,2.0625,NA,NA,NA,NA,NA,NA,36.93,24.7,NA,8.14,0.8,9.3,21.56,0.97,NA,NA,1.57,0.01,9.52,CP_P6_4102015,1358,0.19,6.17,0.17,6.29,10.03,0.12,5.65,NA,NA,0,0,0,0.281,NA,NA,NA,NA,0,0,0,0.217,NA,NA,4/24/2015,73.29,288.5,4.42,278.25,0
278,CP_P6_042314,41752.3125,43.92,18.14,7.87,APR032014,CP,KA32,KA32_03122014,KA32-04042014_Pond,18.77,P6,CP,MAR122015,P6,4/17/2015 8:00,LRB-AZ-1201,,LRB1201_1282015_Pond6,NA,2.065972222,NA,NA,NA,NA,NA,NA,43.94,24.5,NA,9.25,0.7,9.8,22.74,2.83,NA,NA,0.32,0.12,49.7,CP_P6_04172015,1364,0.16,0.46,0.14,0.72,12.84,NA,NA,NA,NA,0,0,0,0.127,NA,NA,NA,NA,0,0,0,0.041,NA,NA,5/22/2015,75.58,325,5.12,290.62,0
290,CP_P6_050714,41766.30347,37.26,21.04,11.66,APR032014,CP,KA32,KA32_03122014,KA32-04042014_Pond,32.76,P6,CP,MAR122015,P6,4/24/2015 7:44,LRB-AZ-1201,,LRB1201_1282015_Pond6,NA,2.059027778,NA,NA,NA,NA,NA,NA,50.93,24.8,NA,8.07,0.8,12,20.8,0.91,NA,NA,2.19,0.02,6.56,CP_P6_04242015,1370,0.2,4.57,0.17,5.19,13.17,NA,NA,NA,NA,0,0,0,0.124,NA,NA,NA,NA,0,0,0,0.019,239.3255967,NA,5/29/2015,80.38,294.21,4.8,285.04,0
1548,CP_P6_060515,42160.31528,46.22,12.48,7.74,MAY052015,CP,KA32,KA32_05062015_pooledNO3,KA32_05062015_PondNO3,29.88,P6,CP,MAY052015,P6,5/22/2015 7:50,KA32,KA32_05062015_pooledNO3,KA32_05062015_PondNO3,"NO3, 3x, 0.214",15.88888889,1,512.5,0.445185185,228.1574074,,"Biomass centrifuged down, 7000 rpm for 6 min at 10 degrees C. Pelleted biomass was dark green. Supernatant was yellow.",15.89,24.9,NA,7.77,35.2,13.8,30.88,0.31,NA,NA,0.04,13.32,1577.76,CP_P6_052225,1536,0.47,0.55,0.45,0.29,4.45,2.25,0.49,NA,NA,0,0,0,NA,0,0,0,NA,0,0,0,NA,NA,NA,6/5/2015,77.58,302.33,5.03,265.88,0
1554,CP_P6_060815,42163.29097,45.29,13.37,10.38,MAY052015,CP,KA32,KA32_05062015_pooledNO3,KA32_05062015_PondNO3,32.85,P6,CP,MAY052015,P6,5/29/2015 7:40,KA32,KA32_05062015_pooledNO3,KA32_05062015_PondNO3,"NO3, 3x, 0.214",3.986111111,3,512.5,0.339466667,173.9766667,,"Biomass centrifuged down, 5000 rpm for 10 min. Pellet was green, supernatant had red tint. Green filtrate observed in at least one AFDW replicate.",22.88,24.4,1.88,8.08,32.7,13.5,19.02,1.01,NA,NA,0.1,5.97,435.6,CP_P6_052915,1542,0.36,1.96,0.34,2.1,5.56,1.8,2.23,NA,NA,0,0,0,0.178,0,0,0,NA,0,0,0,0.009,NA,NA,6/8/2015,70.12,341.17,4.14,240.71,0
1560,CP_P6_060915,42164.29097,44.16,14.18,11.31,MAY052015,CP,KA32,KA32_05062015_pooledNO3,KA32_05062015_PondNO3,33.85,P6,CP,MAY052015,P6,6/5/2015 7:34,KA32,KA32_05062015_pooledNO3,KA32_05062015_PondNO3,"NO3, 3x, 0.214",4.027777778,5,512.5,0.293238095,150.2845238,,,29.88,24.6,NA,8.17,41,13.6,24.98,6.38,NA,NA,0.06,10.19,976.16,CP_P6_060515,1548,0.32,2.11,0.29,1.22,7.23,1.59,0.78,NA,NA,0,0,0,0,0,0,0,NA,0,0,0,NA,NA,NA,6/9/2015,80.08,77.75,3.67,232.33,0.03
1566,CP_P6_061015,42165.32639,45.37,12.88,10.51,MAY052015,CP,KA32,KA32_05062015_pooledNO3,KA32_05062015_PondNO3,34.89,P6,CP,MAY052015,P6,6/8/2015 6:59,KA32,KA32_05062015_pooledNO3,KA32_05062015_PondNO3,"NO3, 3x, 0.214",2.975694444,6,512.5,0.256904762,131.6636905,,,32.85,22.5,0.87,8.02,37.9,14.7,7.15,9.51,NA,NA,0.03,6.82,535.96,CP_P6_060815,1554,0.27,4.95,0.26,4.41,6.45,1.39,0.72,NA,NA,0,0,0,0.099,0,0,0,NA,0,0,0,0.005,176.7830046,NA,6/10/2015,66.21,326.21,5.24,202.42,0
1572,CP_P6_061115,42166.33333,43.44,13.42,11.32,MAY052015,CP,KA32,KA32_05062015_pooledNO3,KA32_05062015_PondNO3,35.9,P6,CP,MAY052015,P6,6/9/2015 6:59,KA32,KA32_05062015_pooledNO3,KA32_05062015_PondNO3,NA,NA,NA,NA,NA,NA,NA,NA,33.85,24,1.15,7.91,37.3,14.9,4.4,9.72,NA,NA,0.05,8.6,206.95,CP_P6_060915,1560,0.2,0.71,0.19,0.11,4.99,1.05,0.67,NA,NA,NA,NA,NA,0.063,NA,NA,NA,NA,NA,NA,NA,0.008,NA,NA,6/11/2015,81.5,319.75,5.17,291.29,0
1578,CP_P6_061215,42167.31944,37,17.61,13.12,MAY052015,CP,KA32,KA32_05062015_pooledNO3,KA32_05062015_PondNO3,36.88,P6,CP,MAY052015,P6,6/10/2015 7:50,KA32,KA32_05062015_pooledNO3,KA32_05062015_PondNO3,NA,NA,NA,NA,NA,NA,NA,NA,34.89,24.9,NA,8.05,37.1,15.6,2.87,3.04,NA,NA,0.05,3.49,120.29,CP_P6_061015,1566,0.21,0.81,0.2,1.25,3.83,1.01,1.4,NA,NA,NA,NA,NA,0.153,NA,NA,NA,NA,NA,NA,NA,0,45.23580366,NA,6/12/2015,78.12,319.5,4.77,268.88,0
1584,CP_P6_061515,42170.36458,29.41,22.55,11.9,MAY052015,CP,KA32,KA32_05062015_pooledNO3,KA32_05062015_PondNO3,39.93,P6,CP,MAY052015,P6,6/11/2015 8:00,KA32,KA32_05062015_pooledNO3,KA32_05062015_PondNO3,NA,NA,NA,NA,NA,NA,NA,NA,35.9,24.6,0.3,8.09,NA,16.5,0.05,249.47,NA,NA,0.01,NA,10.63,CP_P6_061115,1572,0.28,1.37,0.27,0.54,3.99,1.3,2,NA,NA,NA,NA,NA,0.04,NA,NA,NA,NA,NA,NA,NA,0.001,328.3495146,NA,6/15/2015,76.33,343.46,5.37,286.75,0
2386,CP_P6_070115,42186.31806,29.79,4.73,23.33,JUN172015,CP,C046,C046_06182015_pooledpanel,C046_06182015_pond,12.94,P6,CP,MAY052015,P6,6/12/2015 7:40,KA32,KA32_05062015_pooledNO3,KA32_05062015_PondNO3,NA,NA,NA,NA,NA,NA,NA,NA,36.88,NA,NA,NA,NA,NA,-0.02,-546.27,NA,NA,NA,NA,NA,CP_P6_061215,1578,0.3,2.79,0.29,0.25,4.44,1.45,0.9,NA,NA,NA,NA,NA,0.004,NA,NA,NA,NA,NA,NA,NA,NA,94.74885845,NA,7/1/2015,66.75,154.83,2.98,221.25,0
2392,CP_P6_070315,42188.36458,40.36,6.51,19.96,JUN172015,CP,C046,C046_06182015_pooledpanel,C046_06182015_pond,14.99,P6,CP,MAY052015,P6,6/15/2015 8:45,KA32,KA32_05062015_pooledNO3,KA32_05062015_PondNO3,"NO3, 3x, 0.214",7.072916667,7,1025,0.37,379.25,,No qPCR samples collected. Ponds harvested completely and cleaned for next run with bleach and muriatic acid to remove biomass stuck to sides.,39.93,24,0.15,8.18,33,15.1,-0.01,-529.15,NA,NA,NA,NA,NA,CP_P6_061515,1584,0.38,0.61,0.37,1.35,3.2,1.97,1.11,NA,NA,74.856,58.722,78.4,NA,0,0,NA,NA,10.424,4.552,43.7,NA,125.6133464,NA,7/3/2015,79.21,328.25,4.82,266.58,0
2398,CP_P6_070615,42191.32639,27.4,3.92,13.63,JUN172015,CP,C046,C046_06182015_pooledpanel,C046_06182015_pond,17.95,P6,CP,JUN172015,P6,7/1/2015 7:38,C046,C046_06182015_pooledpanel,C046_06182015_pond,"3x, 0.214",12.94305556,1,512.5,0.463333333,237.4583333,,"First harvest performed today. Replacement pH and temperature probe found and used. Cloudy morning with sun coming out during harvesting procedure. 5 gallons of culture collected for biochemical analysis, and allowed to settle for 30 minutes. 500 ml of the thickest sludge was collected, settled, then centrifuged at 10,000 RPM for 10 minutes.",12.94,24.1,0.85,8,NA,15.9,1.25,4.8,NA,NA,0.01,86.6,129.75,CP_P6_070115,2386,0.69,6.56,0.46,3.37,32.54,0.87,1.43,0.94,2.87,0,0,0,0,0,0,0,NA,0,0,0,0.002,407.1174377,0.71367524,7/6/2015,79.96,323.33,5.26,296.75,0
2404,CP_P6_070815,42193.32639,40.85,6.29,16.6,JUN172015,CP,C046,C046_06182015_pooledpanel,C046_06182015_pond,19.95,P6,CP,JUN172015,P6,7/3/2015 8:45,C046,C046_06182015_pooledpanel,C046_06182015_pond,"3x, 0.214",2.046527778,2,512.5,0.3025,155.03125,,"pH probe returned to field. Sunny day. Desmodesmus was more abundant than other ponds, contaminants seems normal in amount. 5 gallons of culture collected for biochemical analysis, and allowed to settle for 30 minutes. 500 ml of the thickest sludge was collected, settled, then centrifuged at 10,000 RPM for 10 minutes.",14.99,24,0.67,7.58,NA,16.6,2.6,0.38,NA,NA,0.02,39.64,107.14,CP_P6_070315,2392,0.39,1.36,0.3,0.41,22.62,0.74,0.81,0.8,1.31,0,0,0,0.079,0,0,0,NA,0,0,0,0.011,167.8335278,0.724528175,7/8/2015,75.08,309.54,5.22,265.88,0
2410,CP_P6_071015,42195.36042,37.44,5.89,11.92,JUN172015,CP,C046,C046_06182015_pooledpanel,C046_06182015_pond,21.99,P6,CP,JUN172015,P6,7/6/2015 7:50,C046,C046_06182015_pooledpanel,C046_06182015_pond,"3x, 0.214",2.961805556,3,512.5,0.2822,144.6275,,"High salinity readings in all ponds, tried to correct with slightly lower-than-setpoint salinity in water added after harvest performed. No observable contaminants. 5 gallons of culture collected for biochemical analysis, and allowed to settle for 30 minutes. 500 ml of the thickest sludge was collected, settled, then centrifuged at 10,000 RPM for 10 minutes.",17.95,23,0.73,7.9,NA,17.3,-0.28,-2.04,NA,NA,0.02,100,-9.8,CP_P6_070615,2398,0.35,1.46,0.28,0.75,18.89,0.67,1.46,0.74,1.96,0,0,0,0.106,0,0,0,NA,0,0,0,0.054,156.1767005,0.448420426,7/10/2015,73.92,326.71,5.12,237.33,0
2416,CP_P6_071315,42198.30903,37.42,6.85,20.72,JUN172015,CP,C046,C046_06182015_pooledpanel,C046_06182015_pond,24.93,P6,CP,JUN172015,P6,7/8/2015 7:50,C046,C046_06182015_pooledpanel,C046_06182015_pond,"3x, 0.214",2,4,512.5,0.221333333,113.4333333,,"Cloudy day, performed 4th harvest without any problems. 5 gallons of culture collected for biochemical analysis, and allowed to settle for 30 minutes. 500 ml of the thickest sludge was collected, settled, then centrifuged at 10,000 RPM for 10 minutes.",19.95,24.6,NA,7.84,NA,16.9,1.55,1.34,NA,NA,0,NA,NA,CP_P6_070815,2404,0.26,0.54,0.22,0.62,15.2,0.57,1.91,0.62,2.82,0,0,0,0.119,0,0,0,NA,0,0,0,0.017,203.7037037,NA,7/13/2015,76.12,328.83,4.88,240.33,0
2422,CP_P6_071515,42200.30556,38.37,7.17,18.5,JUN172015,CP,C046,C046_06182015_pooledpanel,C046_06182015_pond,26.93,P6,CP,JUN172015,P6,7/10/2015 8:39,C046,C046_06182015_pooledpanel,C046_06182015_pond,"3x, 0.214",2.034722222,5,512.5,0.207866667,106.5316667,,"Bright sun and fast moving clouds. 5th harvest performed. 5 gallons of culture collected for biochemical analysis, and allowed to settle for 30 minutes. 500 ml of the thickest sludge was collected, settled, then centrifuged at 10,000 RPM for 10 minutes.",21.99,23.9,0.29,7.98,33.7,17.6,1.6,3.12,NA,NA,0.06,9.48,18.01,CP_P6_071015,2410,0.22,3.67,0.21,2.41,5.77,0.48,1.15,0.52,1.54,0,0,0,0.099,0,0,0,NA,0,0,0,0.013,NA,NA,7/15/2015,77.21,290.54,5.1,242.25,0
2428,CP_P6_071715,42202.41319,39.21,5.73,22.66,JUN172015,CP,C046,C046_06182015_pooledpanel,C046_06182015_pond,29.04,P6,CP,JUN172015,P6,7/13/2015 7:25,C046,C046_06182015_pooledpanel,C046_06182015_pond,"3x, 0.214",2.947916667,6,512.5,0.261833333,134.1895833,,"Cloudy morning but warm outside. 6th harvest performed with Poinds 1-3 being harvested down to 5.75 (.33/day dilution rate). Cultures settled out after paddle wheels stopped for final draining measurement and would not resuspend until refilled in ponds 1-3. Pond 1 pH probe recalibrated, pond 3 salinity probe recalibrated. no spear shaped algae. 5 gallons of culture collected for biochemical analysis, and allowed to settle for 30 minutes. 500 ml of the thickest sludge was collected, settled, then centrifuged at 10,000 RPM for 10 minutes.",24.93,22.4,0.92,7.78,36,16.2,0.5,133.1,NA,NA,0.02,69.28,20.62,CP_P6_071315,2416,0.28,1.33,0.26,1.34,5.87,0.58,1.71,0.62,1.66,0,0,0,0.066,0,0,0,NA,0,0,0,0.008,NA,NA,7/17/2015,77.75,328.38,4.88,187.42,0
2433,CP_P6_072015,42205.28403,41.12,7.15,18.68,JUN172015,CP,C046,C046_06182015_pooledpanel,C046_06182015_pond,31.91,P6,CP,JUN172015,P6,7/15/2015 7:20,C046,C046_06182015_pooledpanel,C046_06182015_pond,"3x, 0.214",1.996527778,7,512.5,0.181633333,93.08708333,,"Cloudy morning, ponds look good and green. 7th harvest performed. flagellates are moving but not changing locations, just spinning in place. 5 gallons of culture collected for biochemical analysis, and allowed to settle for 30 minutes. 500 ml of the thickest sludge was collected, settled, then centrifuged at 10,000 RPM for 10 minutes.",26.93,23.8,0.11,7.98,35.9,15.8,3.57,4.23,NA,NA,0.69,2.22,3.6,CP_P6_071515,2422,0.2,1.84,0.18,1.62,7.89,0.43,2.03,0.45,1.47,0,0,0,0.138,0,0,0,NA,0,0,0,0.016,NA,NA,7/20/2015,67.75,247,5.94,208.71,0
2439,CP_P6_072115,42206.41597,40.31,7.1,18.62,JUN172015,CP,C046,C046_06182015_pooledpanel,C046_06182015_pond,33.04,P6,CP,JUN172015,P6,7/17/2015 9:55,C046,C046_06182015_pooledpanel,C046_06182015_pond,"3x, 0.214",2.107638889,8,512.5,0.181266667,92.89916667,,"8th harvest performed, saltwater storage tank ran dry after ponds 1, 2, 3, 6, and almost all of 4 were filled. Very sunny morning. 5 gallons of culture collected for biochemical analysis, and allowed to settle for 30 minutes. 500 ml of the thickest sludge was collected, settled, then centrifuged at 10,000 RPM for 10 minutes.",29.04,24.4,0.09,8.04,37.8,17.4,3.46,2.17,NA,NA,0.43,5.9,5.61,CP_P6_071715,2428,0.2,6.31,0.18,2.27,10.08,0.44,0.47,0.48,0.83,0,0,0,0.045,0,0,0,NA,0,0,0,0.008,NA,NA,7/21/2015,78,320.29,4.68,227.04,0
2445,CP_P6_072215,42207.41597,39.49,7.08,16.06,JUN172015,CP,C046,C046_06182015_pooledpanel,C046_06182015_pond,34.04,P6,CP,JUN172015,P6,7/20/2015 6:49,C046,C046_06182015_pooledpanel,C046_06182015_pond,"3x, 0.214",2.871527778,9,520.7,0.1613,83.98891,,"Field pH probe was not found in storage solution, would not calibrate well, and gave very inconsistent and atypical readings when used to check YSI continuous monitoring. very low abundances of diatoms compared to all other ponds. Flagellates were small and located in flocs.  5 gallons of culture collected for biochemical analysis, and allowed to settle for 30 minutes. 500 ml of the thickest sludge was collected, settled, then centrifuged at 10,000 RPM for 10 minutes.",31.91,27.7,NA,7.74,33.4,19.7,-0.05,-10.83,NA,NA,0,-66,10.11,CP_P6_072015,2433,0.17,1.74,0.16,1.24,5.94,0.4,0.38,0.43,0.75,0,0,0,0.105,0,0,0,NA,0,0,0,0.002,NA,NA,7/22/2015,80.42,251.17,5.14,243.75,0
2451,CP_P6_072315,42208.36806,32.75,7.83,8.89,JUN172015,CP,C046,C046_06182015_pooledpanel,C046_06182015_pond,34.99,P6,CP,JUN172015,P6,7/21/2015 9:59,C046,C046_06182015_pooledpanel,C046_06182015_pond,NA,NA,NA,NA,NA,NA,NA,NA,33.04,24.3,0.66,7.75,35.2,21.6,4.1,3.89,NA,NA,0.07,1.91,38.95,CP_P6_072115,2439,0.17,0.54,0.15,1.5,11.58,0.36,1.72,0.38,0.9,NA,NA,NA,0.098,NA,NA,NA,NA,NA,NA,NA,0.016,NA,NA,7/23/2015,76.12,315.04,5.17,273.42,0
2457,CP_P6_072415,42209.34375,29.23,10.96,30.91,JUN172015,CP,C046,C046_06182015_pooledpanel,C046_06182015_pond,35.97,P6,CP,JUN172015,P6,7/22/2015 9:59,C046,C046_06182015_pooledpanel,C046_06182015_pond,NA,NA,NA,NA,NA,NA,NA,NA,34.04,23.9,0.4,8.14,34.9,18.9,NA,NA,NA,NA,0.01,86.67,0,CP_P6_072215,2445,0.23,4.73,0.2,2.44,11.81,0.59,0.46,0.62,0.18,NA,NA,NA,NA,NA,NA,NA,NA,NA,NA,NA,NA,278.475234,NA,7/24/2015,72.71,328.29,4.49,205.62,0
2463,CP_P6_072715,42212.35347,24.14,9.67,39.11,JUN172015,CP,C046,C046_06182015_pooledpanel,C046_06182015_pond,38.98,P6,CP,JUN172015,P6,7/23/2015 8:50,C046,C046_06182015_pooledpanel,C046_06182015_pond,NA,NA,NA,NA,NA,NA,NA,NA,34.99,24.3,NA,7.84,33.5,17,0.05,5.74,NA,NA,0.05,5.74,0.69,CP_P6_072315,2451,0.29,2.82,0.27,3.14,8.22,0.65,0.49,0.68,1.55,NA,NA,NA,0.034,NA,NA,NA,NA,NA,NA,NA,0,364.6319205,NA,7/27/2015,80.58,325.88,4.56,223.58,0
861,CP_P6_092414,41906.3125,40.02,11.65,9.18,SEP102014,CP,KA32,KA32_09052055,KA32_09162014_Pond,7.83,P6,CP,JUN172015,P6,7/24/2015 8:15,C046,C046_06182015_pooledpanel,C046_06182015_pond,NA,NA,NA,NA,NA,NA,NA,NA,35.97,24,0.31,8,34.7,12.4,NA,NA,NA,NA,NA,NA,NA,CP_P6_072415,2457,0.3,1.81,0.29,1.32,5.33,0.67,0.28,0.71,0.62,NA,NA,NA,NA,NA,NA,NA,NA,NA,NA,NA,NA,NA,NA,,,,,,
867,CP_P6_092914,41911.3125,36.26,11.05,7.94,SEP102014,CP,KA32,KA32_09052073,KA32_09162014_Pond,12.83,P6,CP,JUN172015,P6,7/27/2015 8:29,C046,C046_06182015_pooledpanel,C046_06182015_pond,"3x, 0.214",7.069444444,10,1025,0.332883333,341.2054167,,"Pond drained and cleaned. less diatoms but more flagellates, many flagellates are mobile. 5 gallons of culture collected for biochemical analysis, and allowed to settle for 30 minutes. 500 ml of the thickest sludge was collected, settled, then centrifuged at 10,000 RPM for 10 minutes.",38.98,22.6,0.47,NA,NA,NA,NA,NA,NA,NA,NA,NA,NA,CP_P6_072715,2463,0.36,2.75,0.33,1.56,8.07,0.69,0.58,0.69,0.86,72.53,63.561,87.6,NA,0,0,NA,NA,12.793,11.399,89.1,NA,65.25679758,NA,,,,,,
